53114 ,Bellingham       ,Real Madrid    ,Mediocentro ,  20 ,1,88m ,Desconocido ,25.029.000 ,211    ,10,0 ,      21 ,   16 ,       5 ,Esguince de tobillo, Baja hasta final de Febrero.
19562 ,Kubo             ,Real Sociedad  ,Mediocentro ,  22 ,1,74m ,67kg        ,20.699.000 ,168    ,8,0  ,      21 ,    7 ,       2 ,Apto
  340 ,Isco             ,Betis          ,Mediocentro ,  31 ,1,76m ,74kg        ,19.456.000 ,174    ,7,9  ,      22 ,    6 ,       7 ,Lesión en los isquiotibiales, Baja indefinida.
56578 ,Cardoso          ,Betis          ,Mediocentro ,  22 ,1,82m ,Desconocido ,3.601.000  ,46     ,7,7  ,       6 ,    1 ,       1 ,Apto
25582 ,Pellistri        ,Granada        ,Delantero   ,  22 ,1,74m ,Desconocido ,6.126.000  ,22     ,7,3  ,       3 ,    1 ,       0 ,Apto
   29 ,Williams         ,Athletic Club  ,Delantero   ,  29 ,1,86m ,76kg        ,19.791.000 ,162    ,7,0  ,      23 ,    9 ,       3 ,Apto
27424 ,Romero           ,Almería        ,Mediocentro ,  19 ,1,65m ,Desconocido ,558.000    ,21     ,7,0  ,       3 ,    2 ,       0 ,Apto
   51 ,Griezmann        ,Atlético       ,Delantero   ,  32 ,1,76m ,71kg        ,24.948.000 ,166    ,6,9  ,      24 ,   11 ,       3 ,Esguince de tobillo, Duda esta jornada.
  607 ,Mayoral          ,Getafe         ,Delantero   ,  26 ,1,82m ,68kg        ,18.880.000 ,173    ,6,7  ,      26 ,   15 ,       2 ,Apto
18004 ,Budimir          ,Osasuna        ,Delantero   ,  32 ,1,90m ,75kg        ,16.512.000 ,173    ,6,7  ,      26 ,   13 ,       4 ,Fractura en el maxilar, Duda esta jornada.
56632 ,Romero           ,Sevilla        ,Delantero   ,  23 ,1,84m ,Desconocido ,3.961.000  ,47     ,6,7  ,       7 ,    3 ,       1 ,Apto
   74 ,Roberto          ,Barcelona      ,Defensa     ,  32 ,1,78m ,68kg        ,775.000    ,40     ,6,7  ,       6 ,    3 ,       1 ,Apto
55044 ,Herzog           ,Las Palmas     ,Defensa     ,  19 ,1,86m ,Desconocido ,170.000    ,20     ,6,7  ,       3 ,    1 ,       1 ,Apto
55058 ,Dovbyk           ,Girona         ,Delantero   ,  26 ,1,89m ,76kg        ,19.581.000 ,158    ,6,6  ,      24 ,   14 ,       1 ,Apto
  557 ,Fornals          ,Betis          ,Mediocentro ,  28 ,1,78m ,67kg        ,7.087.000  ,26     ,6,5  ,       4 ,    1 ,       0 ,Apto
54868 ,Sávio            ,Girona         ,Delantero   ,  19 ,1,76m ,Desconocido ,19.925.000 ,166    ,6,4  ,      26 ,    7 ,       4 ,Apto
53102 ,Rodríguez        ,Las Palmas     ,Mediocentro ,  27 ,1,80m ,Desconocido ,16.662.000 ,156    ,6,2  ,      25 ,    6 ,       7 ,Apto
  464 ,García           ,Girona         ,Mediocentro ,  26 ,1,73m ,61kg        ,20.541.000 ,155    ,6,2  ,      25 ,    3 ,       4 ,Apto
  476 ,Moreno           ,Villarreal     ,Delantero   ,  31 ,1,80m ,75kg        ,19.994.000 ,142    ,6,2  ,      23 ,   10 ,       0 ,Apto
53111 ,Valles           ,Las Palmas     ,Portero     ,  26 ,1,92m ,Desconocido ,16.593.000 ,159    ,6,1  ,      26 ,    0 ,       1 ,Apto
22601 ,Pepelu           ,Valencia       ,Mediocentro ,  25 ,1,85m ,73kg        ,17.581.000 ,152    ,6,1  ,      25 ,    4 ,       2 ,Apto
  328 ,Carvajal         ,Real Madrid    ,Defensa     ,  32 ,1,73m ,73kg        ,16.342.000 ,122    ,6,1  ,      20 ,    3 ,       4 ,Doble tarjeta, Baja esta jornada.
17453 ,Jong             ,Barcelona      ,Mediocentro ,  26 ,1,80m ,70kg        ,19.336.000 ,109    ,6,1  ,      18 ,    2 ,       7 ,Apto
52044 ,Tsygankov        ,Girona         ,Mediocentro ,  26 ,1,78m ,70kg        ,15.257.000 ,125    ,6,0  ,      21 ,    6 ,       0 ,Apto
29235 ,Gavi             ,Barcelona      ,Mediocentro ,  19 ,1,73m ,Desconocido ,1.049.000  ,72     ,6,0  ,      12 ,    1 ,       5 ,Rotura de ligamento cruzado, Baja hasta Julio.
36376 ,Mandava          ,Atlético       ,Defensa     ,  30 ,1,80m ,74kg        ,2.159.000  ,36     ,6,0  ,       6 ,    1 ,       1 ,Apto
56926 ,Cubarsi          ,Barcelona      ,Defensa     ,  17 ,1,84m ,76kg        ,3.011.000  ,41     ,5,9  ,       7 ,    0 ,       0 ,Apto
52375 ,Yamal            ,Barcelona      ,Delantero   ,  16 ,1,80m ,Desconocido ,14.441.000 ,145    ,5,8  ,      25 ,    3 ,       2 ,Apto
16976 ,Zubimendi        ,Real Sociedad  ,Mediocentro ,  25 ,1,80m ,74kg        ,16.153.000 ,144    ,5,8  ,      25 ,    4 ,       3 ,Apto
 1708 ,Morata           ,Atlético       ,Delantero   ,  31 ,1,89m ,85kg        ,17.237.000 ,133    ,5,8  ,      23 ,   13 ,       3 ,Apto
36371 ,Muriqi           ,Mallorca       ,Delantero   ,  29 ,1,94m ,92kg        ,14.555.000 ,105    ,5,8  ,      18 ,    5 ,       2 ,Apto
53407 ,Gündoğan         ,Barcelona      ,Mediocentro ,  33 ,1,80m ,80kg        ,20.117.000 ,148    ,5,7  ,      26 ,    5 ,       3 ,Apto
49341 ,Larsen           ,Celta          ,Delantero   ,  24 ,1,93m ,79kg        ,15.081.000 ,147    ,5,7  ,      26 ,    9 ,       4 ,Apto
  343 ,Kroos            ,Real Madrid    ,Mediocentro ,  34 ,1,83m ,78kg        ,20.162.000 ,143    ,5,7  ,      25 ,    1 ,       3 ,Apto
14791 ,Guruzeta         ,Athletic Club  ,Delantero   ,  27 ,1,88m ,Desconocido ,15.017.000 ,142    ,5,7  ,      25 ,   10 ,       2 ,Apto
55668 ,Greenwood        ,Getafe         ,Delantero   ,  22 ,1,81m ,Desconocido ,15.716.000 ,126    ,5,7  ,      22 ,    5 ,       4 ,Apto
12900 ,Júnior           ,Real Madrid    ,Delantero   ,  23 ,1,76m ,62kg        ,20.503.000 ,97     ,5,7  ,      17 ,    7 ,       2 ,Apto
48616 ,Lino             ,Atlético       ,Mediocentro ,  24 ,1,78m ,Desconocido ,14.977.000 ,123    ,5,6  ,      22 ,    3 ,       0 ,Apto
 3720 ,López            ,Girona         ,Defensa     ,  34 ,1,85m ,81kg        ,7.092.000  ,90     ,5,6  ,      16 ,    2 ,       3 ,Apto
13005 ,Lunin            ,Real Madrid    ,Portero     ,  25 ,1,91m ,80kg        ,7.067.000  ,79     ,5,6  ,      14 ,    0 ,       1 ,Apto
53099 ,Viera            ,Almería        ,Mediocentro ,  34 ,1,71m ,65kg        ,7.481.000  ,62     ,5,6  ,      11 ,    2 ,       1 ,Apto
11091 ,Méndez           ,Real Sociedad  ,Mediocentro ,  27 ,1,84m ,76kg        ,15.046.000 ,133    ,5,5  ,      24 ,    3 ,       6 ,Apto
  564 ,Oyarzabal        ,Real Sociedad  ,Delantero   ,  26 ,1,81m ,75kg        ,13.507.000 ,122    ,5,5  ,      22 ,    8 ,       2 ,Lesión muscular, Duda esta jornada.
24789 ,Williams         ,Athletic Club  ,Mediocentro ,  21 ,1,80m ,Desconocido ,18.868.000 ,120    ,5,5  ,      22 ,    3 ,       5 ,Doble tarjeta, Baja esta jornada.
15566 ,Herrera          ,Girona         ,Mediocentro ,  26 ,1,84m ,75kg        ,13.304.000 ,109    ,5,5  ,      20 ,    4 ,       5 ,Apto
55794 ,Guiu             ,Barcelona      ,Delantero   ,  18 ,1,87m ,Desconocido ,160.000    ,11     ,5,5  ,       2 ,    1 ,       1 ,Apto
 7024 ,Valverde         ,Real Madrid    ,Mediocentro ,  25 ,1,81m ,67kg        ,20.278.000 ,141    ,5,4  ,      26 ,    1 ,       1 ,Apto
11866 ,Duro             ,Valencia       ,Delantero   ,  24 ,1,80m ,Desconocido ,14.085.000 ,135    ,5,4  ,      25 ,   10 ,       2 ,Apto
17459 ,Rodrygo          ,Real Madrid    ,Delantero   ,  23 ,1,74m ,62kg        ,19.977.000 ,138    ,5,3  ,      26 ,    8 ,       2 ,Apto
18109 ,Rioja            ,Alavés         ,Mediocentro ,  30 ,1,73m ,Desconocido ,14.118.000 ,137    ,5,3  ,      26 ,    4 ,       3 ,Apto
  130 ,Aspas            ,Celta          ,Delantero   ,  36 ,1,76m ,67kg        ,17.704.000 ,126    ,5,3  ,      24 ,    5 ,       6 ,Acumulación de tarjetas, Baja esta jornada.
14911 ,García           ,Rayo Vallecano ,Mediocentro ,  31 ,1,68m ,58kg        ,10.308.000 ,123    ,5,3  ,      23 ,    6 ,       8 ,Apto
31355 ,Sørloth          ,Villarreal     ,Delantero   ,  28 ,1,94m ,90kg        ,11.619.000 ,117    ,5,3  ,      22 ,    9 ,       3 ,Apto
22547 ,Pedri            ,Barcelona      ,Mediocentro ,  21 ,1,74m ,60kg        ,17.700.000 ,79     ,5,3  ,      15 ,    2 ,       3 ,Apto
55453 ,Nyland           ,Sevilla        ,Portero     ,  33 ,1,92m ,78kg        ,2.450.000  ,64     ,5,3  ,      12 ,    0 ,       0 ,Apto
22617 ,Gil              ,Cádiz          ,Portero     ,  30 ,1,83m ,80kg        ,191.000    ,21     ,5,3  ,       4 ,    0 ,       1 ,Apto
19977 ,Araújo           ,Barcelona      ,Defensa     ,  24 ,1,91m ,79kg        ,15.133.000 ,99     ,5,2  ,      19 ,    1 ,       4 ,Apto
52189 ,Pérez            ,Betis          ,Delantero   ,  30 ,1,80m ,66kg        ,7.059.000  ,98     ,5,2  ,      19 ,    4 ,       3 ,Esguince de tobillo, Duda esta jornada.
48684 ,Lewandowski      ,Barcelona      ,Delantero   ,  35 ,1,84m ,79kg        ,20.488.000 ,122    ,5,1  ,      24 ,   12 ,       4 ,Apto
28611 ,Paul             ,Atlético       ,Mediocentro ,  29 ,1,80m ,67kg        ,15.118.000 ,118    ,5,1  ,      23 ,    1 ,       3 ,Apto
11700 ,Torres           ,Barcelona      ,Delantero   ,  23 ,1,85m ,77kg        ,8.510.000  ,107    ,5,1  ,      21 ,    7 ,       2 ,Lesión en los isquiotibiales, Duda esta jornada.
18221 ,Félix            ,Barcelona      ,Delantero   ,  24 ,1,81m ,62kg        ,12.956.000 ,96     ,5,1  ,      19 ,    5 ,       3 ,Apto
23173 ,Arribas          ,Almería        ,Mediocentro ,  22 ,1,71m ,Desconocido ,11.936.000 ,129    ,5,0  ,      26 ,    6 ,       0 ,Apto
55041 ,Omorodion        ,Alavés         ,Delantero   ,  19 ,1,93m ,Desconocido ,9.381.000  ,126    ,5,0  ,      25 ,    9 ,       4 ,Apto
27871 ,Mamardashvili    ,Valencia       ,Portero     ,  23 ,2,00m ,Desconocido ,11.086.000 ,125    ,5,0  ,      25 ,    0 ,       2 ,Apto
25872 ,Gutiérrez        ,Girona         ,Defensa     ,  22 ,1,80m ,Desconocido ,14.949.000 ,124    ,5,0  ,      25 ,    1 ,       3 ,Apto
48935 ,Couto            ,Girona         ,Defensa     ,  21 ,1,69m ,Desconocido ,15.063.000 ,121    ,5,0  ,      24 ,    1 ,       6 ,Apto
13697 ,Merino           ,Real Sociedad  ,Mediocentro ,  27 ,1,88m ,79kg        ,12.005.000 ,111    ,5,0  ,      22 ,    3 ,       6 ,Apto
 3728 ,Roca             ,Betis          ,Mediocentro ,  27 ,1,84m ,74kg        ,11.010.000 ,109    ,5,0  ,      22 ,    2 ,       5 ,Apto
15344 ,Díaz             ,Real Madrid    ,Mediocentro ,  24 ,1,70m ,68kg        ,13.737.000 ,104    ,5,0  ,      21 ,    4 ,       0 ,Apto
  361 ,Berchiche        ,Athletic Club  ,Defensa     ,  34 ,1,81m ,77kg        ,11.660.000 ,99     ,5,0  ,      20 ,    3 ,       3 ,Lesión muscular, Duda esta jornada.
27425 ,Galarreta        ,Athletic Club  ,Mediocentro ,  30 ,1,74m ,64kg        ,9.958.000  ,99     ,5,0  ,      20 ,    1 ,       4 ,Apto
  432 ,Gayà             ,Valencia       ,Defensa     ,  28 ,1,72m ,64kg        ,11.329.000 ,95     ,5,0  ,      19 ,    1 ,       2 ,Apto
53098 ,Moleiro          ,Las Palmas     ,Mediocentro ,  20 ,1,69m ,Desconocido ,8.587.000  ,80     ,5,0  ,      16 ,    2 ,       0 ,Apto
51135 ,Barrios          ,Atlético       ,Mediocentro ,  20 ,1,81m ,Desconocido ,8.141.000  ,80     ,5,0  ,      16 ,    0 ,       3 ,Apto
56576 ,Méndez           ,Granada        ,Defensa     ,  24 ,1,84m ,Desconocido ,1.447.000  ,25     ,5,0  ,       5 ,    1 ,       2 ,Molestias, Duda esta jornada.
55741 ,Vieites          ,Betis          ,Portero     ,  24 ,1,96m ,Desconocido ,203.000    ,15     ,5,0  ,       3 ,    0 ,       0 ,Apto
17452 ,Militão          ,Real Madrid    ,Defensa     ,  26 ,1,86m ,78kg        ,3.893.000  ,5      ,5,0  ,       1 ,    0 ,       0 ,Rotura de ligamento cruzado, Baja hasta Abril.
31484 ,Camavinga        ,Real Madrid    ,Mediocentro ,  21 ,1,82m ,Desconocido ,14.142.000 ,93     ,4,9  ,      19 ,    0 ,       5 ,Apto
54896 ,Bamba            ,Celta          ,Delantero   ,  27 ,1,75m ,72kg        ,6.209.000  ,88     ,4,9  ,      18 ,    2 ,       0 ,Apto
   58 ,Stegen           ,Barcelona      ,Portero     ,  31 ,1,87m ,85kg        ,9.393.000  ,79     ,4,9  ,      16 ,    0 ,       2 ,Apto
  175 ,Raíllo           ,Mallorca       ,Defensa     ,  32 ,1,86m ,77kg        ,9.272.000  ,74     ,4,9  ,      15 ,    2 ,       3 ,Doble tarjeta, Baja esta jornada.
17450 ,Ruibal           ,Betis          ,Defensa     ,  27 ,1,76m ,Desconocido ,2.917.000  ,64     ,4,9  ,      14 ,    2 ,       4 ,Esguince de tobillo, Baja esta jornada.
23327 ,Suárez           ,Almería        ,Delantero   ,  26 ,1,85m ,Desconocido ,160.000    ,49     ,4,9  ,      10 ,    4 ,       2 ,Fractura de peroné, Baja hasta Mayo.
14811 ,Simón            ,Athletic Club  ,Portero     ,  26 ,1,89m ,86kg        ,10.701.000 ,126    ,4,8  ,      26 ,    0 ,       2 ,Apto
13015 ,Ramos            ,Cádiz          ,Delantero   ,  27 ,1,93m ,Desconocido ,8.556.000  ,124    ,4,8  ,      26 ,    5 ,       2 ,Apto
27874 ,Martín           ,Girona         ,Mediocentro ,  25 ,1,78m ,Desconocido ,13.839.000 ,120    ,4,8  ,      25 ,    4 ,       3 ,Apto
   91 ,Pezzella         ,Betis          ,Defensa     ,  32 ,1,87m ,82kg        ,13.746.000 ,120    ,4,8  ,      25 ,    1 ,       4 ,Apto
 6040 ,Maksimović       ,Getafe         ,Mediocentro ,  29 ,1,84m ,75kg        ,10.404.000 ,120    ,4,8  ,      25 ,    3 ,       3 ,Apto
27852 ,Vivian           ,Athletic Club  ,Defensa     ,  24 ,1,83m ,Desconocido ,10.716.000 ,114    ,4,8  ,      24 ,    0 ,       5 ,Acumulación de tarjetas, Baja esta jornada.
  346 ,Modrić           ,Real Madrid    ,Mediocentro ,  38 ,1,73m ,65kg        ,11.058.000 ,100    ,4,8  ,      21 ,    2 ,       1 ,Apto
27510 ,Depay            ,Atlético       ,Delantero   ,  30 ,1,76m ,78kg        ,7.313.000  ,77     ,4,8  ,      16 ,    5 ,       1 ,Apto
23369 ,Foyth            ,Villarreal     ,Defensa     ,  26 ,1,87m ,77kg        ,510.000    ,57     ,4,8  ,      12 ,    1 ,       1 ,Operado del hombro, Baja indefinida.
27841 ,Sabaly           ,Betis          ,Defensa     ,  30 ,1,74m ,70kg        ,305.000    ,19     ,4,8  ,       4 ,    0 ,       0 ,Apto
  561 ,Llorente         ,Atlético       ,Mediocentro ,  29 ,1,84m ,71kg        ,11.136.000 ,123    ,4,7  ,      26 ,    6 ,       3 ,Apto
53107 ,Cardona          ,Las Palmas     ,Defensa     ,  24 ,1,86m ,Desconocido ,14.592.000 ,118    ,4,7  ,      25 ,    0 ,       8 ,Apto
 6032 ,Remiro           ,Real Sociedad  ,Portero     ,  28 ,1,91m ,80kg        ,10.022.000 ,118    ,4,7  ,      25 ,    0 ,       3 ,Apto
18223 ,Ocampos          ,Sevilla        ,Delantero   ,  29 ,1,87m ,84kg        ,11.372.000 ,112    ,4,7  ,      24 ,    3 ,       5 ,Acumulación de tarjetas, Baja esta jornada.
22502 ,Baena            ,Villarreal     ,Mediocentro ,  22 ,1,74m ,Desconocido ,14.491.000 ,109    ,4,7  ,      23 ,    1 ,       9 ,Apto
54834 ,Blind            ,Girona         ,Defensa     ,  33 ,1,80m ,72kg        ,14.466.000 ,108    ,4,7  ,      23 ,    1 ,       5 ,Contusión, Duda esta jornada.
22930 ,Ledesma          ,Cádiz          ,Portero     ,  31 ,1,86m ,85kg        ,9.748.000  ,108    ,4,7  ,      23 ,    0 ,       0 ,Apto
27333 ,García           ,Girona         ,Defensa     ,  23 ,1,82m ,79kg        ,10.334.000 ,94     ,4,7  ,      20 ,    2 ,       3 ,Apto
22612 ,Milla            ,Getafe         ,Mediocentro ,  29 ,1,75m ,Desconocido ,9.992.000  ,66     ,4,7  ,      15 ,    0 ,       5 ,Apto
20346 ,Rodríguez        ,Betis          ,Mediocentro ,  29 ,1,85m ,80kg        ,480.000    ,66     ,4,7  ,      14 ,    1 ,       5 ,Lesión de tobillo, Baja indefinida.
48194 ,Swedberg         ,Celta          ,Mediocentro ,  20 ,1,85m ,Desconocido ,271.000    ,42     ,4,7  ,      10 ,    3 ,       0 ,Apto
56921 ,Radovanovic      ,Almería        ,Defensa     ,  30 ,1,89m ,Desconocido ,837.000    ,14     ,4,7  ,       3 ,    0 ,       1 ,Apto
28794 ,Jörgensen        ,Villarreal     ,Portero     ,  21 ,1,90m ,Desconocido ,10.106.000 ,120    ,4,6  ,      26 ,    0 ,       2 ,Apto
  609 ,Soria            ,Getafe         ,Portero     ,  30 ,1,92m ,85kg        ,9.998.000  ,120    ,4,6  ,      26 ,    0 ,       3 ,Apto
   31 ,Oblak            ,Atlético       ,Portero     ,  31 ,1,89m ,84kg        ,11.485.000 ,119    ,4,6  ,      26 ,    0 ,       1 ,Apto
27517 ,Palazón          ,Rayo Vallecano ,Mediocentro ,  29 ,1,69m ,71kg        ,10.977.000 ,115    ,4,6  ,      25 ,    3 ,       5 ,Apto
 6057 ,Alcaraz          ,Cádiz          ,Mediocentro ,  32 ,1,80m ,76kg        ,5.978.000  ,111    ,4,6  ,      24 ,    2 ,      12 ,Apto
15342 ,Barrenetxea      ,Real Sociedad  ,Mediocentro ,  22 ,1,74m ,Desconocido ,9.981.000  ,91     ,4,6  ,      20 ,    3 ,       1 ,Apto
48657 ,Raphinha         ,Barcelona      ,Delantero   ,  27 ,1,76m ,68kg        ,11.714.000 ,83     ,4,6  ,      18 ,    4 ,       3 ,Apto
55009 ,López            ,Barcelona      ,Mediocentro ,  20 ,1,76m ,Desconocido ,4.498.000  ,82     ,4,6  ,      19 ,    2 ,       2 ,Apto
  192 ,Guaita           ,Celta          ,Portero     ,  37 ,1,90m ,81kg        ,8.416.000  ,78     ,4,6  ,      17 ,    0 ,       2 ,Apto
24739 ,Mingueza         ,Celta          ,Defensa     ,  24 ,1,84m ,Desconocido ,10.357.000 ,116    ,4,5  ,      26 ,    1 ,       2 ,Apto
 5916 ,Guridi           ,Alavés         ,Mediocentro ,  28 ,1,79m ,64kg        ,6.737.000  ,112    ,4,5  ,      25 ,    0 ,       1 ,Apto
 5917 ,Zubeldia         ,Real Sociedad  ,Defensa     ,  26 ,1,80m ,75kg        ,12.211.000 ,109    ,4,5  ,      24 ,    0 ,       9 ,Apto
 1762 ,Berenguer        ,Athletic Club  ,Mediocentro ,  28 ,1,75m ,70kg        ,6.193.000  ,103    ,4,5  ,      23 ,    6 ,       3 ,Apto
28787 ,López            ,Valencia       ,Delantero   ,  21 ,1,72m ,Desconocido ,5.548.000  ,103    ,4,5  ,      23 ,    3 ,       2 ,Apto
40147 ,Rüdiger          ,Real Madrid    ,Defensa     ,  30 ,1,91m ,85kg        ,14.910.000 ,100    ,4,5  ,      22 ,    1 ,       7 ,Apto
  492 ,José             ,Betis          ,Delantero   ,  32 ,1,89m ,87kg        ,8.602.000  ,100    ,4,5  ,      22 ,    7 ,       1 ,Apto
17615 ,Herrera          ,Osasuna        ,Portero     ,  30 ,1,92m ,82kg        ,9.837.000  ,99     ,4,5  ,      22 ,    0 ,       2 ,Apto
   49 ,Correa           ,Atlético       ,Delantero   ,  28 ,1,71m ,67kg        ,3.336.000  ,95     ,4,5  ,      21 ,    7 ,       1 ,Apto
 3117 ,Rico             ,Getafe         ,Defensa     ,  31 ,1,81m ,76kg        ,10.285.000 ,94     ,4,5  ,      21 ,    0 ,       7 ,Apto
10967 ,Guedes           ,Villarreal     ,Delantero   ,  27 ,1,79m ,68kg        ,10.304.000 ,27     ,4,5  ,       6 ,    1 ,       0 ,Apto
57010 ,Allende          ,Celta          ,Delantero   ,  25 ,1,85m ,Desconocido ,2.171.000  ,18     ,4,5  ,       4 ,    1 ,       1 ,Apto
25606 ,Gazzaniga        ,Girona         ,Portero     ,  32 ,1,96m ,90kg        ,11.330.000 ,115    ,4,4  ,      26 ,    0 ,       2 ,Apto
48920 ,Rajković         ,Mallorca       ,Portero     ,  28 ,1,92m ,70kg        ,7.109.000  ,114    ,4,4  ,      26 ,    0 ,       2 ,Apto
48575 ,Witsel           ,Atlético       ,Defensa     ,  35 ,1,86m ,73kg        ,9.642.000  ,109    ,4,4  ,      25 ,    1 ,       3 ,Apto
14789 ,Sancet           ,Athletic Club  ,Mediocentro ,  23 ,1,88m ,Desconocido ,13.970.000 ,106    ,4,4  ,      24 ,    3 ,       4 ,Apto
40032 ,Mármol           ,Las Palmas     ,Defensa     ,  22 ,1,81m ,Desconocido ,12.211.000 ,106    ,4,4  ,      24 ,    0 ,       5 ,Apto
  431 ,Cancelo          ,Barcelona      ,Defensa     ,  29 ,1,82m ,74kg        ,14.993.000 ,97     ,4,4  ,      22 ,    2 ,       4 ,Apto
   42 ,Koke             ,Atlético       ,Mediocentro ,  32 ,1,77m ,73kg        ,9.973.000  ,97     ,4,4  ,      23 ,    0 ,       4 ,Apto
    5 ,Marcos           ,Athletic Club  ,Defensa     ,  34 ,1,80m ,78kg        ,8.139.000  ,84     ,4,4  ,      19 ,    1 ,       3 ,Apto
 5795 ,Silva            ,Betis          ,Portero     ,  30 ,1,89m ,85kg        ,6.414.000  ,74     ,4,4  ,      17 ,    0 ,       3 ,Apto
55491 ,Lukébakio        ,Sevilla        ,Delantero   ,  26 ,1,87m ,77kg        ,262.000    ,53     ,4,4  ,      12 ,    2 ,       0 ,Esguince de rodilla, Baja hasta Marzo.
 7893 ,Sivera           ,Alavés         ,Portero     ,  27 ,1,84m ,75kg        ,7.363.000  ,113    ,4,3  ,      26 ,    0 ,       2 ,Apto
 1713 ,Lejeune          ,Rayo Vallecano ,Defensa     ,  32 ,1,90m ,81kg        ,10.068.000 ,112    ,4,3  ,      26 ,    0 ,       4 ,Apto
 3778 ,Joselu           ,Real Madrid    ,Delantero   ,  33 ,1,91m ,80kg        ,9.626.000  ,107    ,4,3  ,      25 ,    8 ,       0 ,Edema óseo, Baja hasta mitad de Marzo.
27518 ,Valentín         ,Rayo Vallecano ,Mediocentro ,  29 ,1,77m ,Desconocido ,6.508.000  ,103    ,4,3  ,      24 ,    1 ,       4 ,Apto
 7910 ,Stuani           ,Girona         ,Delantero   ,  37 ,1,84m ,74kg        ,4.572.000  ,103    ,4,3  ,      24 ,    7 ,       5 ,Apto
52372 ,Guerra           ,Valencia       ,Mediocentro ,  20 ,1,87m ,Desconocido ,7.674.000  ,100    ,4,3  ,      23 ,    4 ,       4 ,Apto
36084 ,Mosquera         ,Valencia       ,Defensa     ,  19 ,1,88m ,Desconocido ,10.256.000 ,98     ,4,3  ,      23 ,    0 ,       2 ,Apto
40166 ,Tchouaméni       ,Real Madrid    ,Mediocentro ,  24 ,1,88m ,Desconocido ,14.126.000 ,86     ,4,3  ,      20 ,    2 ,       5 ,Apto
53105 ,Coco             ,Las Palmas     ,Defensa     ,  25 ,1,88m ,Desconocido ,5.988.000  ,82     ,4,3  ,      20 ,    1 ,       4 ,Apto
49424 ,Salas            ,Sevilla        ,Defensa     ,  22 ,1,86m ,Desconocido ,666.000    ,52     ,4,3  ,      12 ,    2 ,       2 ,Apto
35434 ,Pubill           ,Almería        ,Defensa     ,  20 ,1,90m ,Desconocido ,1.551.000  ,51     ,4,3  ,      12 ,    1 ,       2 ,Apto
19146 ,Fekir            ,Betis          ,Mediocentro ,  30 ,1,73m ,72kg        ,11.219.000 ,39     ,4,3  ,       9 ,    0 ,       0 ,Fractura de nariz, Duda esta jornada.
56583 ,Batalla          ,Granada        ,Portero     ,  27 ,1,86m ,80kg        ,4.892.000  ,30     ,4,3  ,       7 ,    0 ,       3 ,Apto
57000 ,Crespo           ,Rayo Vallecano ,Mediocentro ,  27 ,1,87m ,73kg        ,225.000    ,17     ,4,3  ,       4 ,    0 ,       2 ,Apto
   36 ,Manquillo        ,Celta          ,Defensa     ,  29 ,1,80m ,62kg        ,1.264.000  ,13     ,4,3  ,       3 ,    0 ,       1 ,Apto
  213 ,Dimitrievski     ,Rayo Vallecano ,Portero     ,  30 ,1,88m ,81kg        ,6.128.000  ,110    ,4,2  ,      26 ,    0 ,       2 ,Apto
40095 ,Costa            ,Mallorca       ,Mediocentro ,  23 ,1,83m ,Desconocido ,6.619.000  ,104    ,4,2  ,      25 ,    1 ,       4 ,Apto
40093 ,Robertone        ,Almería        ,Mediocentro ,  26 ,1,73m ,Desconocido ,9.376.000  ,93     ,4,2  ,      22 ,    0 ,       8 ,Apto
15338 ,Normand          ,Real Sociedad  ,Defensa     ,  27 ,1,87m ,Desconocido ,10.528.000 ,88     ,4,2  ,      21 ,    1 ,       9 ,Apto
13420 ,Diakhaby         ,Valencia       ,Defensa     ,  27 ,1,92m ,74kg        ,1.545.000  ,54     ,4,2  ,      13 ,    1 ,       5 ,Apto
 7784 ,Núñez            ,Celta          ,Defensa     ,  27 ,1,86m ,81kg        ,10.921.000 ,106    ,4,1  ,      26 ,    1 ,       4 ,Apto
36377 ,Uzuni            ,Granada        ,Delantero   ,  28 ,1,78m ,Desconocido ,5.230.000  ,103    ,4,1  ,      25 ,    7 ,       2 ,Apto
16868 ,Guevara          ,Alavés         ,Mediocentro ,  26 ,1,80m ,Desconocido ,5.009.000  ,103    ,4,1  ,      25 ,    1 ,       6 ,Apto
 1759 ,García           ,Osasuna        ,Defensa     ,  30 ,1,85m ,72kg        ,9.802.000  ,99     ,4,1  ,      24 ,    0 ,       5 ,Apto
53110 ,Suárez           ,Las Palmas     ,Defensa     ,  31 ,1,79m ,Desconocido ,7.109.000  ,90     ,4,1  ,      22 ,    1 ,       5 ,Acumulación de tarjetas, Baja esta jornada.
17975 ,Prats            ,Mallorca       ,Delantero   ,  31 ,1,81m ,79kg        ,1.809.000  ,90     ,4,1  ,      22 ,    5 ,       3 ,Apto
52371 ,Muñoz            ,Osasuna        ,Mediocentro ,  21 ,1,79m ,Desconocido ,1.351.000  ,66     ,4,1  ,      17 ,    2 ,       2 ,Apto
  277 ,Martí            ,Cádiz          ,Delantero   ,  33 ,1,78m ,74kg        ,160.000    ,66     ,4,1  ,      16 ,    2 ,       2 ,Fractura de peroné, Baja hasta Marzo.
51566 ,Riad             ,Betis          ,Defensa     ,  20 ,1,86m ,Desconocido ,5.304.000  ,61     ,4,1  ,      15 ,    0 ,       0 ,Apto
   82 ,Sandro           ,Las Palmas     ,Delantero   ,  28 ,1,75m ,71kg        ,4.257.000  ,61     ,4,1  ,      15 ,    0 ,       1 ,Apto
 1773 ,Arrizabalaga     ,Real Madrid    ,Portero     ,  29 ,1,88m ,84kg        ,2.035.000  ,49     ,4,1  ,      12 ,    0 ,       1 ,Apto
  358 ,Martínez         ,Barcelona      ,Defensa     ,  32 ,1,81m ,77kg        ,5.108.000  ,45     ,4,1  ,      11 ,    0 ,       3 ,Apto
15693 ,Galán            ,Real Sociedad  ,Defensa     ,  29 ,1,72m ,70kg        ,2.725.000  ,41     ,4,1  ,      10 ,    0 ,       2 ,Apto
17572 ,Muñoz            ,Las Palmas     ,Mediocentro ,  28 ,1,79m ,75kg        ,9.006.000  ,101    ,4,0  ,      25 ,    2 ,       5 ,Apto
40090 ,Ramazani         ,Almería        ,Delantero   ,  23 ,1,67m ,Desconocido ,2.721.000  ,91     ,4,0  ,      23 ,    3 ,       8 ,Apto
53113 ,Traoré           ,Real Sociedad  ,Defensa     ,  32 ,1,75m ,64kg        ,8.162.000  ,89     ,4,0  ,      22 ,    0 ,       5 ,Apto
 7843 ,Hermoso          ,Atlético       ,Defensa     ,  28 ,1,84m ,74kg        ,9.184.000  ,85     ,4,0  ,      21 ,    0 ,       7 ,Apto
55088 ,Starfelt         ,Celta          ,Defensa     ,  28 ,1,85m ,80kg        ,3.662.000  ,76     ,4,0  ,      19 ,    1 ,       2 ,Apto
27428 ,Sánchez          ,Mallorca       ,Mediocentro ,  26 ,1,79m ,Desconocido ,1.251.000  ,76     ,4,0  ,      19 ,    3 ,       3 ,Apto
12946 ,Comesaña         ,Villarreal     ,Mediocentro ,  27 ,1,87m ,Desconocido ,1.885.000  ,72     ,4,0  ,      18 ,    2 ,       6 ,Apto
18532 ,Sedlar           ,Alavés         ,Defensa     ,  32 ,1,80m ,79kg        ,160.000    ,44     ,4,0  ,      11 ,    1 ,       2 ,Rotura de ligamento cruzado, Baja hasta Mayo.
20320 ,Peña             ,Barcelona      ,Portero     ,  24 ,1,85m ,Desconocido ,1.848.000  ,40     ,4,0  ,      10 ,    0 ,       0 ,Apto
20111 ,Lamela           ,Sevilla        ,Mediocentro ,  31 ,1,83m ,80kg        ,176.000    ,36     ,4,0  ,       9 ,    2 ,       3 ,Molestias, Duda esta jornada.
  415 ,Hernández        ,Cádiz          ,Defensa     ,  34 ,1,82m ,75kg        ,160.000    ,36     ,4,0  ,       9 ,    1 ,       4 ,Lesión de rodilla, Baja hasta Julio.
55871 ,Papastathopoulos ,Betis          ,Defensa     ,  35 ,1,85m ,85kg        ,2.670.000  ,32     ,4,0  ,       8 ,    0 ,       5 ,Apto
   56 ,Bravo            ,Betis          ,Portero     ,  40 ,1,85m ,80kg        ,160.000    ,28     ,4,0  ,       7 ,    0 ,       0 ,Apto
56925 ,Aramburu         ,Real Sociedad  ,Defensa     ,  21 ,1,74m ,71kg        ,1.004.000  ,20     ,4,0  ,       5 ,    0 ,       1 ,Apto
 1034 ,Jiménez          ,Cádiz          ,Delantero   ,  30 ,1,69m ,63kg        ,3.040.000  ,16     ,4,0  ,       4 ,    1 ,       2 ,Apto
56990 ,Radonjić         ,Mallorca       ,Delantero   ,  28 ,1,85m ,76kg        ,467.000    ,8      ,4,0  ,       2 ,    0 ,       0 ,Apto
56923 ,Yaakobishvili    ,Girona         ,Defensa     ,  19 ,1,93m ,Desconocido ,209.000    ,4      ,4,0  ,       1 ,    0 ,       0 ,Apto
52952 ,Hormigo          ,Sevilla        ,Defensa     ,  20 ,1,82m ,Desconocido ,208.000    ,4      ,4,0  ,       1 ,    0 ,       0 ,Apto
22527 ,Oroz             ,Osasuna        ,Mediocentro ,  22 ,1,77m ,Desconocido ,5.207.000  ,101    ,3,9  ,      26 ,    1 ,       3 ,Apto
17980 ,Rodríguez        ,Mallorca       ,Mediocentro ,  35 ,1,77m ,71kg        ,6.457.000  ,98     ,3,9  ,      25 ,    2 ,       7 ,Apto
31213 ,Maximiano        ,Almería        ,Portero     ,  25 ,1,90m ,74kg        ,5.027.000  ,90     ,3,9  ,      23 ,    0 ,       1 ,Apto
22618 ,Giménez          ,Cádiz          ,Defensa     ,  30 ,1,86m ,72kg        ,2.699.000  ,89     ,3,9  ,      23 ,    0 ,      10 ,Microrrotura en el recto anterior, Duda esta jornada.
   24 ,López            ,Rayo Vallecano ,Mediocentro ,  28 ,1,69m ,64kg        ,2.315.000  ,89     ,3,9  ,      23 ,    1 ,       5 ,Apto
  171 ,Duarte           ,Alavés         ,Defensa     ,  28 ,1,80m ,75kg        ,3.004.000  ,86     ,3,9  ,      22 ,    2 ,       5 ,Apto
  208 ,Gómez            ,Osasuna        ,Mediocentro ,  29 ,1,74m ,65kg        ,4.808.000  ,75     ,3,9  ,      19 ,    2 ,       2 ,Apto
49348 ,Nastasić         ,Mallorca       ,Defensa     ,  30 ,1,88m ,83kg        ,2.572.000  ,75     ,3,9  ,      19 ,    2 ,       7 ,Apto
 3154 ,Vesga            ,Athletic Club  ,Mediocentro ,  30 ,1,91m ,84kg        ,2.348.000  ,74     ,3,9  ,      19 ,    3 ,       2 ,Apto
49288 ,Herrera          ,Athletic Club  ,Mediocentro ,  34 ,1,82m ,70kg        ,3.370.000  ,67     ,3,9  ,      17 ,    0 ,       2 ,Lesión en el isquiosural, Baja hasta mitad de Marzo.
55452 ,Canós            ,Valencia       ,Mediocentro ,  27 ,1,73m ,75kg        ,3.090.000  ,58     ,3,9  ,      16 ,    1 ,       0 ,Apto
56506 ,Vicente          ,Alavés         ,Delantero   ,  24 ,1,79m ,Desconocido ,2.729.000  ,27     ,3,9  ,       7 ,    0 ,       0 ,Apto
28773 ,Paredes          ,Athletic Club  ,Defensa     ,  23 ,1,86m ,Desconocido ,9.588.000  ,96     ,3,8  ,      25 ,    1 ,       4 ,Apto
11092 ,Gorosabel        ,Alavés         ,Defensa     ,  27 ,1,74m ,Desconocido ,5.905.000  ,94     ,3,8  ,      25 ,    0 ,       5 ,Apto
18186 ,Koundé           ,Barcelona      ,Defensa     ,  25 ,1,80m ,70kg        ,11.345.000 ,87     ,3,8  ,      23 ,    1 ,       0 ,Apto
25657 ,Sánchez          ,Granada        ,Defensa     ,  24 ,1,75m ,Desconocido ,2.130.000  ,87     ,3,8  ,      23 ,    3 ,       5 ,Apto
36046 ,Villar           ,Granada        ,Mediocentro ,  25 ,1,81m ,Desconocido ,3.255.000  ,84     ,3,8  ,      22 ,    1 ,       6 ,Apto
19727 ,Riquelme         ,Atlético       ,Mediocentro ,  23 ,1,74m ,Desconocido ,7.762.000  ,83     ,3,8  ,      22 ,    2 ,       1 ,Apto
  444 ,Parejo           ,Villarreal     ,Mediocentro ,  34 ,1,80m ,74kg        ,9.886.000  ,79     ,3,8  ,      21 ,    2 ,       3 ,Apto
  269 ,Morales          ,Villarreal     ,Delantero   ,  36 ,1,80m ,70kg        ,3.651.000  ,75     ,3,8  ,      20 ,    6 ,       0 ,Apto
53414 ,Araujo           ,Las Palmas     ,Defensa     ,  22 ,1,75m ,70kg        ,5.090.000  ,73     ,3,8  ,      19 ,    1 ,       4 ,Apto
  345 ,Vázquez          ,Real Madrid    ,Defensa     ,  32 ,1,73m ,70kg        ,4.872.000  ,72     ,3,8  ,      20 ,    1 ,       0 ,Apto
  334 ,Ramos            ,Sevilla        ,Defensa     ,  37 ,1,84m ,75kg        ,12.362.000 ,61     ,3,8  ,      16 ,    1 ,       6 ,Apto
28677 ,Prados           ,Athletic Club  ,Mediocentro ,  23 ,1,79m ,Desconocido ,3.470.000  ,61     ,3,8  ,      16 ,    0 ,       0 ,Apto
55519 ,Tierney          ,Real Sociedad  ,Defensa     ,  26 ,1,78m ,70kg        ,1.809.000  ,42     ,3,8  ,      11 ,    0 ,       1 ,Apto
11877 ,Rubio            ,Granada        ,Defensa     ,  25 ,1,91m ,86kg        ,398.000    ,38     ,3,8  ,      10 ,    1 ,       1 ,Apto
27865 ,Areso            ,Osasuna        ,Defensa     ,  24 ,1,83m ,Desconocido ,5.271.000  ,93     ,3,7  ,      25 ,    1 ,       1 ,Apto
  298 ,Darder           ,Mallorca       ,Mediocentro ,  30 ,1,80m ,71kg        ,8.643.000  ,88     ,3,7  ,      24 ,    0 ,       3 ,Apto
  556 ,Gumbau           ,Granada        ,Mediocentro ,  29 ,1,87m ,77kg        ,1.830.000  ,86     ,3,7  ,      23 ,    0 ,      10 ,Acumulación de tarjetas, Baja esta jornada.
 1684 ,García           ,Alavés         ,Delantero   ,  34 ,1,86m ,79kg        ,814.000    ,86     ,3,7  ,      23 ,    3 ,       3 ,Apto
22455 ,López            ,Alavés         ,Defensa     ,  22 ,1,83m ,Desconocido ,2.873.000  ,81     ,3,7  ,      22 ,    0 ,       2 ,Apto
 3729 ,Nesyri           ,Sevilla        ,Delantero   ,  26 ,1,90m ,73kg        ,6.759.000  ,78     ,3,7  ,      21 ,    7 ,       3 ,Apto
29403 ,Ciss             ,Rayo Vallecano ,Mediocentro ,  29 ,1,83m ,71kg        ,202.000    ,74     ,3,7  ,      20 ,    1 ,       6 ,Apto
  270 ,García           ,Osasuna        ,Mediocentro ,  30 ,1,71m ,72kg        ,595.000    ,70     ,3,7  ,      19 ,    2 ,       0 ,Apto
22543 ,Tapia            ,Celta          ,Mediocentro ,  28 ,1,85m ,78kg        ,6.996.000  ,63     ,3,7  ,      18 ,    0 ,       5 ,Apto
49342 ,Mumin            ,Rayo Vallecano ,Defensa     ,  25 ,1,88m ,Desconocido ,847.000    ,41     ,3,7  ,      11 ,    1 ,       2 ,Apto
  389 ,Fernández        ,Real Sociedad  ,Delantero   ,  27 ,1,86m ,82kg        ,160.000    ,37     ,3,7  ,      10 ,    2 ,       2 ,Operado del menisco, Baja indefinida.
  354 ,Elustondo        ,Real Sociedad  ,Defensa     ,  29 ,1,78m ,72kg        ,160.000    ,33     ,3,7  ,       9 ,    0 ,       1 ,Molestias, Duda esta jornada.
24706 ,Pino             ,Villarreal     ,Delantero   ,  21 ,1,72m ,Desconocido ,160.000    ,26     ,3,7  ,       7 ,    0 ,       4 ,Rotura de ligamento cruzado, Baja hasta Mayo.
49296 ,Pérez            ,Valencia       ,Mediocentro ,  21 ,1,76m ,Desconocido ,2.371.000  ,90     ,3,6  ,      25 ,    1 ,       4 ,Apto
 6049 ,Portu            ,Girona         ,Mediocentro ,  31 ,1,67m ,70kg        ,3.035.000  ,87     ,3,6  ,      24 ,    3 ,       1 ,Apto
16779 ,Sola             ,Alavés         ,Mediocentro ,  24 ,1,78m ,Desconocido ,1.553.000  ,83     ,3,6  ,      23 ,    0 ,       2 ,Apto
36321 ,Álvarez          ,Getafe         ,Defensa     ,  23 ,1,84m ,Desconocido ,2.870.000  ,82     ,3,6  ,      23 ,    1 ,       5 ,Apto
20131 ,Sánchez          ,Celta          ,Defensa     ,  23 ,1,79m ,Desconocido ,2.267.000  ,75     ,3,6  ,      21 ,    0 ,       2 ,Apto
23184 ,Cuenca           ,Villarreal     ,Defensa     ,  24 ,1,90m ,Desconocido ,3.325.000  ,71     ,3,6  ,      20 ,    2 ,       5 ,Acumulación de tarjetas, Baja esta jornada.
  308 ,Mojica           ,Osasuna        ,Defensa     ,  31 ,1,85m ,73kg        ,1.835.000  ,64     ,3,6  ,      18 ,    0 ,       1 ,Apto
55754 ,Diao             ,Betis          ,Mediocentro ,  18 ,1,85m ,Desconocido ,2.068.000  ,62     ,3,6  ,      17 ,    2 ,       4 ,Apto
28621 ,Abqar            ,Alavés         ,Defensa     ,  24 ,1,88m ,Desconocido ,1.056.000  ,61     ,3,6  ,      17 ,    0 ,       6 ,Apto
22620 ,Espino           ,Rayo Vallecano ,Defensa     ,  32 ,1,72m ,70kg        ,5.164.000  ,85     ,3,5  ,      24 ,    0 ,       7 ,Apto
11250 ,Miquel           ,Granada        ,Defensa     ,  31 ,1,89m ,80kg        ,1.318.000  ,84     ,3,5  ,      24 ,    1 ,       5 ,Apto
48617 ,Torre            ,Celta          ,Mediocentro ,  25 ,1,78m ,63kg        ,1.648.000  ,83     ,3,5  ,      24 ,    1 ,       3 ,Apto
14691 ,Pedrosa          ,Sevilla        ,Defensa     ,  25 ,1,76m ,69kg        ,3.700.000  ,81     ,3,5  ,      23 ,    1 ,       1 ,Apto
33896 ,Akhomach         ,Villarreal     ,Delantero   ,  19 ,1,75m ,Desconocido ,5.057.000  ,77     ,3,5  ,      22 ,    1 ,       3 ,Apto
54960 ,Marín            ,Alavés         ,Defensa     ,  21 ,1,90m ,Desconocido ,5.288.000  ,76     ,3,5  ,      23 ,    0 ,       4 ,Apto
20107 ,González         ,Almería        ,Defensa     ,  26 ,1,93m ,Desconocido ,4.380.000  ,76     ,3,5  ,      22 ,    2 ,       6 ,Apto
23171 ,Park             ,Las Palmas     ,Delantero   ,  23 ,1,77m ,Desconocido ,1.024.000  ,74     ,3,5  ,      21 ,    0 ,       3 ,Apto
19747 ,Correia          ,Valencia       ,Defensa     ,  24 ,1,76m ,Desconocido ,1.026.000  ,67     ,3,5  ,      19 ,    0 ,       3 ,Lesión de gemelo, Duda esta jornada.
22668 ,Torró            ,Osasuna        ,Mediocentro ,  29 ,1,90m ,77kg        ,160.000    ,63     ,3,5  ,      18 ,    0 ,       3 ,Apto
 1718 ,Hernández        ,Rayo Vallecano ,Defensa     ,  34 ,1,86m ,77kg        ,1.631.000  ,56     ,3,5  ,      16 ,    0 ,       3 ,Apto
22720 ,Miranda          ,Betis          ,Defensa     ,  24 ,1,85m ,79kg        ,1.878.000  ,49     ,3,5  ,      14 ,    0 ,       5 ,Apto
25885 ,Dominguez        ,Celta          ,Defensa     ,  23 ,1,87m ,Desconocido ,1.706.000  ,45     ,3,5  ,      13 ,    0 ,       1 ,Apto
55663 ,Ristić           ,Celta          ,Defensa     ,  28 ,1,80m ,73kg        ,501.000    ,38     ,3,5  ,      11 ,    0 ,       2 ,Rotura fibrilar, Baja hasta Marzo.
56947 ,Mosquera         ,Villarreal     ,Defensa     ,  22 ,1,88m ,Desconocido ,1.734.000  ,14     ,3,5  ,       4 ,    0 ,       2 ,Apto
 5794 ,Hongla           ,Granada        ,Mediocentro ,  25 ,1,83m ,Desconocido ,746.000    ,14     ,3,5  ,       4 ,    0 ,       0 ,Apto
 1756 ,García           ,Osasuna        ,Defensa     ,  31 ,1,82m ,81kg        ,239.000    ,14     ,3,5  ,       4 ,    1 ,       3 ,Apto
   46 ,Ñíguez           ,Atlético       ,Mediocentro ,  29 ,1,84m ,76kg        ,3.534.000  ,84     ,3,4  ,      25 ,    0 ,       6 ,Apto
48950 ,Molina           ,Atlético       ,Defensa     ,  25 ,1,74m ,69kg        ,5.144.000  ,79     ,3,4  ,      23 ,    2 ,       3 ,Apto
53093 ,Ruiz             ,Granada        ,Mediocentro ,  29 ,1,71m ,Desconocido ,2.524.000  ,79     ,3,4  ,      23 ,    0 ,       3 ,Apto
 1689 ,Peña             ,Osasuna        ,Defensa     ,  32 ,1,70m ,65kg        ,1.433.000  ,67     ,3,4  ,      20 ,    0 ,       2 ,Lesión en el recto anterior, Duda esta jornada.
  477 ,Baptistão        ,Almería        ,Delantero   ,  31 ,1,81m ,72kg        ,1.346.000  ,67     ,3,4  ,      20 ,    4 ,       6 ,Apto
54953 ,Pires            ,Cádiz          ,Defensa     ,  22 ,1,82m ,Desconocido ,1.573.000  ,64     ,3,4  ,      19 ,    1 ,       5 ,Apto
33734 ,Ezzalzouli       ,Betis          ,Delantero   ,  22 ,1,77m ,Desconocido ,1.315.000  ,64     ,3,4  ,      19 ,    1 ,       1 ,Apto
  536 ,Lekue            ,Athletic Club  ,Defensa     ,  30 ,1,80m ,73kg        ,1.801.000  ,62     ,3,4  ,      18 ,    0 ,       4 ,Lesión en el isquiosural, Duda esta jornada.
21592 ,Guillamón        ,Valencia       ,Mediocentro ,  24 ,1,78m ,Desconocido ,3.726.000  ,61     ,3,4  ,      18 ,    1 ,       4 ,Apto
27520 ,García           ,Real Madrid    ,Defensa     ,  24 ,1,70m ,Desconocido ,4.265.000  ,58     ,3,4  ,      18 ,    0 ,       1 ,Apto
13971 ,Cardona          ,Las Palmas     ,Delantero   ,  28 ,1,82m ,68kg        ,590.000    ,58     ,3,4  ,      17 ,    3 ,       2 ,Apto
53143 ,Rebbach          ,Alavés         ,Mediocentro ,  25 ,1,76m ,Desconocido ,207.000    ,58     ,3,4  ,      18 ,    1 ,       1 ,Apto
55042 ,Gómez            ,Athletic Club  ,Mediocentro ,  20 ,1,83m ,Desconocido ,690.000    ,57     ,3,4  ,      17 ,    2 ,       1 ,Apto
  229 ,Machís           ,Cádiz          ,Delantero   ,  31 ,1,74m ,70kg        ,250.000    ,57     ,3,4  ,      17 ,    4 ,       1 ,Apto
19168 ,Gudelj           ,Sevilla        ,Defensa     ,  32 ,1,87m ,73kg        ,189.000    ,54     ,3,4  ,      16 ,    1 ,       6 ,Rotura de menisco, Duda esta jornada.
22471 ,Pacheco          ,Real Sociedad  ,Defensa     ,  23 ,1,84m ,Desconocido ,1.509.000  ,48     ,3,4  ,      14 ,    0 ,       4 ,Apto
53101 ,Pejiño           ,Las Palmas     ,Mediocentro ,  27 ,1,77m ,Desconocido ,187.000    ,44     ,3,4  ,      13 ,    2 ,       1 ,Apto
 4753 ,Álvarez          ,Athletic Club  ,Defensa     ,  29 ,1,83m ,78kg        ,3.183.000  ,31     ,3,4  ,       9 ,    0 ,       1 ,Apto
11418 ,Coquelin         ,Villarreal     ,Mediocentro ,  32 ,1,78m ,74kg        ,1.584.000  ,31     ,3,4  ,       9 ,    0 ,       1 ,Apto
10214 ,Vidal            ,Mallorca       ,Defensa     ,  29 ,1,80m ,Desconocido ,160.000    ,31     ,3,4  ,      10 ,    1 ,       1 ,Apto
56577 ,Roque            ,Barcelona      ,Delantero   ,  18 ,1,72m ,76kg        ,10.162.000 ,24     ,3,4  ,       7 ,    2 ,       3 ,Apto
52377 ,Herrando         ,Osasuna        ,Defensa     ,  22 ,1,92m ,Desconocido ,963.000    ,24     ,3,4  ,       7 ,    0 ,       0 ,Apto
   79 ,Haddadi          ,Las Palmas     ,Delantero   ,  28 ,1,75m ,69kg        ,3.828.000  ,85     ,3,3  ,      26 ,    2 ,       3 ,Apto
52130 ,Larin            ,Mallorca       ,Delantero   ,  28 ,1,87m ,86kg        ,3.283.000  ,80     ,3,3  ,      24 ,    2 ,       6 ,Apto
28619 ,Balliu           ,Rayo Vallecano ,Defensa     ,  32 ,1,75m ,68kg        ,2.603.000  ,77     ,3,3  ,      23 ,    0 ,       4 ,Apto
36332 ,González         ,Mallorca       ,Defensa     ,  29 ,1,75m ,70kg        ,889.000    ,75     ,3,3  ,      24 ,    0 ,       5 ,Apto
18317 ,Albiol           ,Villarreal     ,Defensa     ,  38 ,1,90m ,82kg        ,1.782.000  ,70     ,3,3  ,      21 ,    0 ,       4 ,Apto
24726 ,Sanchez          ,Betis          ,Mediocentro ,  23 ,1,75m ,Desconocido ,361.000    ,62     ,3,3  ,      19 ,    0 ,       0 ,Apto
29205 ,Balde            ,Barcelona      ,Defensa     ,  20 ,1,75m ,Desconocido ,2.270.000  ,60     ,3,3  ,      18 ,    0 ,       1 ,Rotura en el bíceps femoral, Baja hasta Mayo.
24792 ,Iglesias         ,Getafe         ,Defensa     ,  25 ,1,85m ,Desconocido ,548.000    ,59     ,3,3  ,      18 ,    0 ,       2 ,Apto
   37 ,Savić            ,Atlético       ,Defensa     ,  33 ,1,86m ,80kg        ,1.985.000  ,49     ,3,3  ,      15 ,    0 ,       5 ,Apto
13702 ,Arnaiz           ,Osasuna        ,Delantero   ,  28 ,1,75m ,70kg        ,160.000    ,49     ,3,3  ,      17 ,    1 ,       1 ,Lesión en los isquiotibiales, Duda esta jornada.
27298 ,Alaba            ,Real Madrid    ,Defensa     ,  31 ,1,80m ,76kg        ,898.000    ,46     ,3,3  ,      14 ,    0 ,       2 ,Rotura de ligamento cruzado, Baja hasta Junio.
14796 ,Rodríguez        ,Getafe         ,Mediocentro ,  25 ,1,74m ,68kg        ,160.000    ,39     ,3,3  ,      13 ,    1 ,       5 ,Apto
55045 ,Sotelo           ,Celta          ,Mediocentro ,  20 ,1,80m ,Desconocido ,160.000    ,30     ,3,3  ,       9 ,    0 ,       0 ,Apto
49275 ,Almeida          ,Valencia       ,Mediocentro ,  23 ,1,76m ,62kg        ,281.000    ,26     ,3,3  ,       8 ,    0 ,       0 ,Apto
49040 ,Mbaye            ,Cádiz          ,Defensa     ,  25 ,1,88m ,Desconocido ,180.000    ,13     ,3,3  ,       4 ,    0 ,       2 ,Apto
 6025 ,Fernández        ,Granada        ,Portero     ,  35 ,1,96m ,88kg        ,165.000    ,13     ,3,3  ,       4 ,    0 ,       0 ,Molestias lumbares, Duda esta jornada.
51138 ,Magunazelaia     ,Real Sociedad  ,Delantero   ,  22 ,1,80m ,Desconocido ,160.000    ,10     ,3,3  ,       3 ,    0 ,       0 ,Apto
55067 ,Lopy             ,Almería        ,Mediocentro ,  22 ,1,86m ,Desconocido ,1.992.000  ,76     ,3,2  ,      24 ,    0 ,       3 ,Apto
  322 ,Embarba          ,Almería        ,Mediocentro ,  31 ,1,73m ,66kg        ,729.000    ,76     ,3,2  ,      24 ,    0 ,       3 ,Apto
55484 ,Perrone          ,Las Palmas     ,Mediocentro ,  21 ,1,78m ,Desconocido ,1.662.000  ,71     ,3,2  ,      22 ,    0 ,       5 ,Apto
12951 ,Mata             ,Getafe         ,Delantero   ,  35 ,1,85m ,75kg        ,1.396.000  ,70     ,3,2  ,      23 ,    3 ,       7 ,Apto
40029 ,Latasa           ,Getafe         ,Delantero   ,  22 ,1,91m ,Desconocido ,973.000    ,70     ,3,2  ,      22 ,    2 ,       5 ,Apto
17979 ,Valjent          ,Mallorca       ,Defensa     ,  28 ,1,87m ,70kg        ,926.000    ,68     ,3,2  ,      21 ,    0 ,       3 ,Apto
55523 ,Douvikas         ,Celta          ,Delantero   ,  24 ,1,84m ,78kg        ,1.033.000  ,67     ,3,2  ,      22 ,    4 ,       1 ,Apto
10212 ,Paulista         ,Atlético       ,Defensa     ,  33 ,1,87m ,72kg        ,4.943.000  ,64     ,3,2  ,      20 ,    0 ,       6 ,Apto
15756 ,Catena           ,Osasuna        ,Defensa     ,  29 ,1,94m ,Desconocido ,1.361.000  ,64     ,3,2  ,      20 ,    1 ,       7 ,Apto
28778 ,Sánchez          ,Sevilla        ,Defensa     ,  20 ,1,86m ,Desconocido ,1.834.000  ,61     ,3,2  ,      19 ,    0 ,       2 ,Apto
49101 ,Hernández        ,Cádiz          ,Defensa     ,  25 ,1,81m ,72kg        ,160.000    ,61     ,3,2  ,      19 ,    0 ,       5 ,Apto
51992 ,Badé             ,Sevilla        ,Defensa     ,  23 ,1,91m ,Desconocido ,7.307.000  ,58     ,3,2  ,      18 ,    0 ,       3 ,Apto
11697 ,Boyé             ,Granada        ,Delantero   ,  27 ,1,83m ,81kg        ,1.872.000  ,58     ,3,2  ,      18 ,    3 ,       6 ,Apto
   34 ,Giménez          ,Atlético       ,Defensa     ,  29 ,1,85m ,77kg        ,1.620.000  ,51     ,3,2  ,      16 ,    0 ,       4 ,Lesión muscular, Pendiente de evolución.
54818 ,Azpilicueta      ,Atlético       ,Defensa     ,  34 ,1,78m ,78kg        ,160.000    ,51     ,3,2  ,      16 ,    0 ,       3 ,Rotura de menisco, Baja hasta Abril.
  465 ,Pedraza          ,Villarreal     ,Defensa     ,  27 ,1,84m ,73kg        ,226.000    ,45     ,3,2  ,      14 ,    1 ,       5 ,Lesión de tobillo, Duda esta jornada.
 7025 ,Dmitrović        ,Sevilla        ,Portero     ,  32 ,1,94m ,94kg        ,1.214.000  ,42     ,3,2  ,      13 ,    0 ,       1 ,Apto
54831 ,Altimira         ,Betis          ,Mediocentro ,  22 ,1,88m ,Desconocido ,351.000    ,32     ,3,2  ,      12 ,    1 ,       1 ,Rotura en el psoas, Baja hasta mitad de Marzo.
  455 ,Bailly           ,Villarreal     ,Defensa     ,  29 ,1,87m ,77kg        ,1.419.000  ,16     ,3,2  ,       5 ,    0 ,       3 ,Apto
55987 ,Gasiorowski      ,Valencia       ,Defensa     ,  19 ,1,90m ,Desconocido ,160.000    ,16     ,3,2  ,       5 ,    0 ,       1 ,Apto
53100 ,Loiodice         ,Las Palmas     ,Mediocentro ,  23 ,1,76m ,Desconocido ,774.000    ,77     ,3,1  ,      25 ,    0 ,       2 ,Apto
19927 ,Haro             ,Osasuna        ,Delantero   ,  23 ,1,92m ,70kg        ,1.610.000  ,72     ,3,1  ,      23 ,    3 ,       3 ,Apto
15345 ,Muñoz            ,Real Sociedad  ,Defensa     ,  26 ,1,75m ,72kg        ,185.000    ,66     ,3,1  ,      21 ,    0 ,       2 ,Rotura de ligamento cruzado, Baja hasta Julio.
20481 ,Suso             ,Sevilla        ,Mediocentro ,  30 ,1,76m ,70kg        ,6.596.000  ,65     ,3,1  ,      21 ,    1 ,       5 ,Apto
  217 ,Foulquier        ,Valencia       ,Defensa     ,  30 ,1,83m ,79kg        ,2.155.000  ,61     ,3,1  ,      21 ,    0 ,       2 ,Apto
22877 ,Cruz             ,Osasuna        ,Defensa     ,  31 ,1,80m ,Desconocido ,190.000    ,55     ,3,1  ,      18 ,    0 ,       3 ,Sobrecarga, Duda esta jornada.
55662 ,Soumaré          ,Sevilla        ,Mediocentro ,  25 ,1,88m ,Desconocido ,1.999.000  ,53     ,3,1  ,      17 ,    0 ,       6 ,Apto
55518 ,Hagi             ,Alavés         ,Mediocentro ,  25 ,1,80m ,60kg        ,160.000    ,50     ,3,1  ,      16 ,    0 ,       2 ,Apto
24778 ,Navarro          ,Cádiz          ,Mediocentro ,  21 ,1,78m ,Desconocido ,3.552.000  ,49     ,3,1  ,      16 ,    0 ,       1 ,Apto
48205 ,Martínez         ,Girona         ,Defensa     ,  20 ,1,81m ,Desconocido ,636.000    ,46     ,3,1  ,      15 ,    0 ,       4 ,Apto
 6035 ,Villar           ,Celta          ,Portero     ,  26 ,1,83m ,76kg        ,197.000    ,31     ,3,1  ,      10 ,    0 ,       1 ,Apto
 1719 ,Mandi            ,Villarreal     ,Defensa     ,  32 ,1,86m ,78kg        ,175.000    ,31     ,3,1  ,      10 ,    1 ,       2 ,Apto
10024 ,Arambarri        ,Getafe         ,Mediocentro ,  28 ,1,75m ,76kg        ,160.000    ,22     ,3,1  ,       7 ,    0 ,       2 ,Rotura de ligamento cruzado y menisco, Baja hasta Junio.
25867 ,Blanco           ,Alavés         ,Mediocentro ,  23 ,1,76m ,Desconocido ,1.820.000  ,73     ,3,0  ,      24 ,    0 ,       1 ,Apto
19514 ,Neva             ,Granada        ,Defensa     ,  27 ,1,74m ,Desconocido ,1.027.000  ,73     ,3,0  ,      24 ,    0 ,       3 ,Apto
22619 ,Carcelén         ,Cádiz          ,Defensa     ,  30 ,1,74m ,70kg        ,2.188.000  ,72     ,3,0  ,      24 ,    0 ,       2 ,Apto
19527 ,Moncayola        ,Osasuna        ,Mediocentro ,  25 ,1,82m ,73kg        ,1.028.000  ,67     ,3,0  ,      22 ,    0 ,       2 ,Apto
12941 ,Trejo            ,Rayo Vallecano ,Mediocentro ,  35 ,1,77m ,79kg        ,625.000    ,65     ,3,0  ,      22 ,    0 ,       3 ,Apto
15339 ,Fernández        ,Girona         ,Mediocentro ,  24 ,1,79m ,Desconocido ,964.000    ,63     ,3,0  ,      21 ,    2 ,       1 ,Apto
12945 ,Beltrán          ,Celta          ,Mediocentro ,  25 ,1,70m ,66kg        ,443.000    ,62     ,3,0  ,      21 ,    0 ,       2 ,Apto
18437 ,Moreno           ,Villarreal     ,Defensa     ,  31 ,1,71m ,65kg        ,2.141.000  ,60     ,3,0  ,      20 ,    1 ,       2 ,Apto
28613 ,Alderete         ,Getafe         ,Defensa     ,  27 ,1,87m ,77kg        ,1.394.000  ,59     ,3,0  ,      20 ,    0 ,       5 ,Acumulación de tarjetas, Baja esta jornada.
23138 ,Acuña            ,Sevilla        ,Defensa     ,  32 ,1,72m ,72kg        ,1.104.000  ,36     ,3,0  ,      12 ,    0 ,       3 ,Lesión en el recto anterior, Baja hasta Marzo.
55992 ,Martín           ,Getafe         ,Mediocentro ,  23 ,1,74m ,Desconocido ,198.000    ,24     ,3,0  ,       8 ,    0 ,       0 ,Molestias, Duda esta jornada.
18465 ,Aidoo            ,Celta          ,Defensa     ,  28 ,1,84m ,80kg        ,196.000    ,18     ,3,0  ,       6 ,    0 ,       0 ,Rotura del tendón de Aquiles, Baja hasta Abril.
55743 ,Romero           ,Villarreal     ,Defensa     ,  22 ,0,00m ,Desconocido ,160.000    ,15     ,3,0  ,       6 ,    0 ,       1 ,Apto
56668 ,Becker           ,Real Sociedad  ,Delantero   ,  29 ,1,80m ,75kg        ,3.244.000  ,9      ,3,0  ,       3 ,    0 ,       0 ,Apto
57138 ,Langa            ,Almería        ,Defensa     ,  26 ,1,78m ,Desconocido ,531.000    ,9      ,3,0  ,       3 ,    0 ,       0 ,Apto
53109 ,Lemos            ,Las Palmas     ,Defensa     ,  30 ,1,75m ,Desconocido ,207.000    ,9      ,3,0  ,       3 ,    0 ,       1 ,Contusión, Duda esta jornada.
56628 ,Agoumé           ,Sevilla        ,Mediocentro ,  22 ,1,85m ,Desconocido ,160.000    ,9      ,3,0  ,       3 ,    0 ,       1 ,Lesión en el recto anterior, Baja hasta Marzo.
55790 ,Visus            ,Betis          ,Defensa     ,  22 ,1,92m ,Desconocido ,183.000    ,6      ,3,0  ,       2 ,    0 ,       0 ,Apto
57110 ,Samassékou       ,Cádiz          ,Mediocentro ,  28 ,1,75m ,67kg        ,190.000    ,3      ,3,0  ,       1 ,    0 ,       0 ,Apto
52131 ,Mariño           ,Almería        ,Portero     ,  33 ,1,87m ,75kg        ,160.000    ,3      ,3,0  ,       1 ,    0 ,       0 ,Apto
 8171 ,Djené            ,Getafe         ,Defensa     ,  32 ,1,78m ,71kg        ,1.663.000  ,67     ,2,9  ,      23 ,    0 ,      12 ,Acumulación de tarjetas, Baja esta jornada.
17290 ,Camello          ,Rayo Vallecano ,Delantero   ,  23 ,1,77m ,Desconocido ,1.137.000  ,63     ,2,9  ,      22 ,    2 ,       2 ,Apto
48556 ,Christensen      ,Barcelona      ,Defensa     ,  27 ,1,88m ,78kg        ,5.283.000  ,58     ,2,9  ,      20 ,    0 ,       3 ,Apto
 5653 ,Lato             ,Mallorca       ,Defensa     ,  26 ,1,73m ,64kg        ,211.000    ,52     ,2,9  ,      19 ,    0 ,       2 ,Apto
28776 ,Turrientes       ,Real Sociedad  ,Mediocentro ,  22 ,1,79m ,Desconocido ,711.000    ,50     ,2,9  ,      17 ,    0 ,       3 ,Apto
  321 ,Bebé             ,Rayo Vallecano ,Delantero   ,  33 ,1,90m ,78kg        ,188.000    ,41     ,2,9  ,      14 ,    2 ,       1 ,Apto
29402 ,Nteka            ,Rayo Vallecano ,Delantero   ,  26 ,1,90m ,Desconocido ,209.000    ,32     ,2,9  ,      11 ,    1 ,       1 ,Apto
53104 ,Ramírez          ,Las Palmas     ,Mediocentro ,  28 ,1,80m ,Desconocido ,160.000    ,29     ,2,9  ,      11 ,    1 ,       0 ,Apto
24790 ,Capoue           ,Villarreal     ,Mediocentro ,  35 ,1,87m ,80kg        ,1.159.000  ,67     ,2,8  ,      24 ,    0 ,       6 ,Apto
55057 ,Sow              ,Sevilla        ,Mediocentro ,  27 ,1,84m ,77kg        ,963.000    ,62     ,2,8  ,      22 ,    1 ,       5 ,Acumulación de tarjetas, Baja esta jornada.
29169 ,Ibáñez           ,Osasuna        ,Mediocentro ,  26 ,1,79m ,Desconocido ,488.000    ,62     ,2,8  ,      22 ,    1 ,       4 ,Apto
14839 ,Morlanes         ,Mallorca       ,Mediocentro ,  25 ,1,78m ,Desconocido ,1.147.000  ,61     ,2,8  ,      23 ,    0 ,       2 ,Apto
22459 ,Pérez            ,Rayo Vallecano ,Mediocentro ,  27 ,1,84m ,Desconocido ,160.000    ,56     ,2,8  ,      20 ,    1 ,       7 ,Apto
31267 ,Mascarell        ,Mallorca       ,Mediocentro ,  31 ,1,81m ,74kg        ,267.000    ,50     ,2,8  ,      18 ,    0 ,       4 ,Apto
48185 ,Torre            ,Girona         ,Mediocentro ,  20 ,1,70m ,Desconocido ,676.000    ,48     ,2,8  ,      18 ,    0 ,       0 ,Apto
17623 ,Mendy            ,Real Madrid    ,Defensa     ,  28 ,1,78m ,73kg        ,5.267.000  ,45     ,2,8  ,      16 ,    0 ,       5 ,Apto
48960 ,Femenía          ,Villarreal     ,Defensa     ,  33 ,1,80m ,61kg        ,1.310.000  ,37     ,2,8  ,      13 ,    0 ,       4 ,Apto
56579 ,Jailson          ,Celta          ,Mediocentro ,  28 ,1,87m ,74kg        ,997.000    ,17     ,2,8  ,       6 ,    0 ,       1 ,Apto
25621 ,Rațiu            ,Rayo Vallecano ,Defensa     ,  25 ,1,83m ,Desconocido ,200.000    ,17     ,2,8  ,       6 ,    0 ,       1 ,Apto
14379 ,Fernández        ,Osasuna        ,Portero     ,  32 ,1,82m ,78kg        ,193.000    ,14     ,2,8  ,       5 ,    0 ,       1 ,Apto
49382 ,Alonso           ,Barcelona      ,Defensa     ,  33 ,1,88m ,84kg        ,188.000    ,11     ,2,8  ,       4 ,    0 ,       0 ,Operado de lumbalgia, Baja indefinida.
40089 ,Sadiq            ,Real Sociedad  ,Delantero   ,  27 ,1,92m ,75kg        ,5.051.000  ,63     ,2,7  ,      23 ,    2 ,       3 ,Apto
17981 ,Baba             ,Almería        ,Mediocentro ,  28 ,1,82m ,Desconocido ,697.000    ,57     ,2,7  ,      21 ,    0 ,       5 ,Apto
 5920 ,Aleñá            ,Getafe         ,Mediocentro ,  26 ,1,80m ,73kg        ,265.000    ,56     ,2,7  ,      21 ,    1 ,       3 ,Apto
12916 ,Ávila            ,Betis          ,Delantero   ,  30 ,1,71m ,81kg        ,5.450.000  ,54     ,2,7  ,      20 ,    2 ,       6 ,Apto
   43 ,Torres           ,Sevilla        ,Mediocentro ,  29 ,1,78m ,70kg        ,857.000    ,54     ,2,7  ,      21 ,    0 ,       3 ,Apto
53144 ,Benavídez        ,Alavés         ,Mediocentro ,  25 ,1,85m ,76kg        ,268.000    ,52     ,2,7  ,      19 ,    1 ,       2 ,Apto
55454 ,Zakharyan        ,Real Sociedad  ,Mediocentro ,  20 ,1,83m ,Desconocido ,742.000    ,48     ,2,7  ,      18 ,    0 ,       1 ,Apto
 8953 ,Maffeo           ,Mallorca       ,Defensa     ,  26 ,1,73m ,68kg        ,726.000    ,43     ,2,7  ,      17 ,    0 ,       4 ,Operado de la rótula, Baja hasta mitad de Febrero.
13700 ,Carvalho         ,Betis          ,Mediocentro ,  31 ,1,87m ,83kg        ,272.000    ,35     ,2,7  ,      13 ,    0 ,       1 ,Apto
54900 ,Dotor            ,Celta          ,Mediocentro ,  22 ,1,80m ,68kg        ,182.000    ,35     ,2,7  ,      16 ,    0 ,       2 ,Molestias, Duda esta jornada.
28791 ,Vázquez          ,Valencia       ,Defensa     ,  21 ,1,82m ,Desconocido ,161.000    ,35     ,2,7  ,      13 ,    1 ,       1 ,Apto
48203 ,Terrats          ,Villarreal     ,Mediocentro ,  23 ,1,79m ,Desconocido ,160.000    ,35     ,2,7  ,      14 ,    0 ,       3 ,Rotura de menisco, Baja hasta Marzo.
  158 ,García           ,Athletic Club  ,Mediocentro ,  33 ,1,80m ,75kg        ,179.000    ,30     ,2,7  ,      11 ,    1 ,       3 ,Apto
  413 ,Meré             ,Cádiz          ,Defensa     ,  26 ,1,82m ,78kg        ,162.000    ,24     ,2,7  ,       9 ,    0 ,       0 ,Apto
56971 ,Fort             ,Barcelona      ,Defensa     ,  17 ,1,85m ,77kg        ,529.000    ,8      ,2,7  ,       3 ,    0 ,       0 ,Apto
56502 ,Jauregizar       ,Athletic Club  ,Mediocentro ,  20 ,0,00m ,Desconocido ,160.000    ,8      ,2,7  ,       4 ,    0 ,       0 ,Apto
17989 ,Frutos           ,Rayo Vallecano ,Mediocentro ,  27 ,1,73m ,Desconocido ,183.000    ,63     ,2,6  ,      24 ,    1 ,       0 ,Apto
 6068 ,Alejo            ,Cádiz          ,Mediocentro ,  29 ,1,84m ,77kg        ,160.000    ,60     ,2,6  ,      23 ,    0 ,      13 ,Apto
12902 ,Tomás            ,Rayo Vallecano ,Delantero   ,  29 ,1,81m ,74kg        ,1.128.000  ,50     ,2,6  ,      19 ,    1 ,       4 ,Apto
 8952 ,Navas            ,Sevilla        ,Defensa     ,  38 ,1,70m ,60kg        ,1.919.000  ,49     ,2,6  ,      19 ,    0 ,       5 ,Apto
49336 ,Romeu            ,Barcelona      ,Mediocentro ,  32 ,1,82m ,83kg        ,212.000    ,49     ,2,6  ,      19 ,    0 ,       4 ,Apto
52043 ,Vinícius         ,Betis          ,Defensa     ,  23 ,1,81m ,Desconocido ,189.000    ,45     ,2,6  ,      17 ,    0 ,       3 ,Lesión de tobillo, Baja hasta Marzo.
55649 ,Yaremchuk        ,Valencia       ,Delantero   ,  28 ,1,91m ,74kg        ,997.000    ,39     ,2,6  ,      17 ,    2 ,       1 ,Apto
33032 ,Falcao           ,Rayo Vallecano ,Delantero   ,  38 ,1,77m ,72kg        ,164.000    ,36     ,2,6  ,      14 ,    1 ,       2 ,Apto
  456 ,Costa            ,Mallorca       ,Defensa     ,  35 ,1,71m ,62kg        ,604.000    ,54     ,2,5  ,      22 ,    0 ,       6 ,Apto
 5642 ,Melendo          ,Granada        ,Mediocentro ,  26 ,1,67m ,63kg        ,327.000    ,47     ,2,5  ,      19 ,    0 ,       2 ,Apto
36048 ,Tenaglia         ,Alavés         ,Defensa     ,  28 ,1,82m ,71kg        ,166.000    ,35     ,2,5  ,      15 ,    1 ,       2 ,Apto
25630 ,Chust            ,Cádiz          ,Defensa     ,  23 ,1,82m ,Desconocido ,990.000    ,27     ,2,5  ,      11 ,    0 ,       1 ,Apto
49077 ,Ares             ,Athletic Club  ,Delantero   ,  22 ,1,83m ,183kg       ,293.000    ,20     ,2,5  ,       8 ,    0 ,       2 ,Apto
36375 ,Arezo            ,Granada        ,Delantero   ,  21 ,1,78m ,76kg        ,194.000    ,15     ,2,5  ,       6 ,    0 ,       1 ,Apto
56957 ,Maouassa         ,Granada        ,Defensa     ,  25 ,1,72m ,74kg        ,923.000    ,10     ,2,5  ,       4 ,    0 ,       0 ,Apto
12911 ,Melero           ,Almería        ,Mediocentro ,  30 ,1,83m ,77kg        ,193.000    ,53     ,2,4  ,      22 ,    0 ,       3 ,Apto
28784 ,Carmona          ,Getafe         ,Defensa     ,  22 ,1,83m ,Desconocido ,170.000    ,44     ,2,4  ,      18 ,    1 ,       5 ,Apto
31496 ,Bellerín         ,Betis          ,Defensa     ,  28 ,1,78m ,74kg        ,1.414.000  ,43     ,2,4  ,      18 ,    0 ,       1 ,Apto
35943 ,Llabrés          ,Mallorca       ,Delantero   ,  21 ,1,74m ,Desconocido ,171.000    ,34     ,2,4  ,      14 ,    1 ,       1 ,Apto
55434 ,Kaba             ,Las Palmas     ,Delantero   ,  28 ,1,91m ,Desconocido ,171.000    ,34     ,2,4  ,      14 ,    1 ,       2 ,Apto
   21 ,Muniain          ,Athletic Club  ,Mediocentro ,  31 ,1,69m ,64kg        ,959.000    ,33     ,2,4  ,      14 ,    1 ,       1 ,Apto
 4886 ,Villalibre       ,Athletic Club  ,Delantero   ,  26 ,1,83m ,80kg        ,188.000    ,29     ,2,4  ,      12 ,    1 ,       0 ,Apto
55667 ,Kouamé           ,Cádiz          ,Mediocentro ,  27 ,1,77m ,68kg        ,167.000    ,29     ,2,4  ,      12 ,    0 ,       2 ,Apto
52117 ,Olasagasti       ,Real Sociedad  ,Mediocentro ,  23 ,1,69m ,Desconocido ,173.000    ,24     ,2,4  ,      10 ,    0 ,       2 ,Apto
28279 ,Cervi            ,Celta          ,Mediocentro ,  29 ,1,65m ,62kg        ,163.000    ,24     ,2,4  ,      10 ,    0 ,       1 ,Apto
53340 ,Herrera          ,Las Palmas     ,Delantero   ,  32 ,1,89m ,85kg        ,160.000    ,17     ,2,4  ,       7 ,    1 ,       1 ,Apto
40164 ,García           ,Athletic Club  ,Defensa     ,  23 ,1,77m ,Desconocido ,160.000    ,12     ,2,4  ,       5 ,    0 ,       1 ,Apto
 6042 ,Gómez            ,Cádiz          ,Delantero   ,  27 ,1,86m ,70kg        ,179.000    ,49     ,2,3  ,      21 ,    0 ,       2 ,Apto
22623 ,Fernández        ,Cádiz          ,Mediocentro ,  31 ,1,83m ,74kg        ,194.000    ,44     ,2,3  ,      19 ,    0 ,       2 ,Apto
53092 ,Callejón         ,Granada        ,Mediocentro ,  37 ,1,78m ,73kg        ,160.000    ,43     ,2,3  ,      19 ,    0 ,       0 ,Apto
 6053 ,Juanpe           ,Girona         ,Defensa     ,  32 ,1,89m ,85kg        ,214.000    ,28     ,2,3  ,      12 ,    0 ,       4 ,Apto
49111 ,Özkacar          ,Valencia       ,Defensa     ,  23 ,1,90m ,Desconocido ,176.000    ,25     ,2,3  ,      11 ,    0 ,       2 ,Apto
12947 ,Vázquez          ,Celta          ,Defensa     ,  30 ,1,73m ,Desconocido ,160.000    ,25     ,2,3  ,      11 ,    0 ,       3 ,Apto
  392 ,Suárez           ,Villarreal     ,Mediocentro ,  30 ,1,76m ,69kg        ,160.000    ,9      ,2,3  ,       4 ,    0 ,       0 ,Operado del recto anteiror, Baja indefinida.
 1775 ,Sobrino          ,Cádiz          ,Mediocentro ,  32 ,1,85m ,73kg        ,212.000    ,47     ,2,2  ,      21 ,    0 ,       7 ,Apto
52188 ,Amallah          ,Valencia       ,Mediocentro ,  27 ,1,87m ,Desconocido ,201.000    ,31     ,2,2  ,      14 ,    0 ,       5 ,Apto
49329 ,Chavarría        ,Rayo Vallecano ,Defensa     ,  25 ,1,74m ,Desconocido ,160.000    ,26     ,2,2  ,      12 ,    0 ,       3 ,Doble tarjeta, Baja esta jornada.
48486 ,Copete           ,Mallorca       ,Defensa     ,  24 ,1,90m ,Desconocido ,162.000    ,24     ,2,2  ,      11 ,    0 ,       4 ,Apto
17291 ,Pérez            ,Celta          ,Mediocentro ,  26 ,1,72m ,Desconocido ,202.000    ,20     ,2,2  ,       9 ,    0 ,       1 ,Apto
49092 ,Nianzou          ,Sevilla        ,Defensa     ,  21 ,1,92m ,83kg        ,166.000    ,11     ,2,2  ,       5 ,    0 ,       1 ,Apto
  162 ,Escalante        ,Cádiz          ,Mediocentro ,  30 ,1,82m ,76kg        ,306.000    ,38     ,2,1  ,      18 ,    0 ,       2 ,Apto
17614 ,Barja            ,Osasuna        ,Mediocentro ,  26 ,1,78m ,69kg        ,176.000    ,32     ,2,1  ,      15 ,    0 ,       3 ,Apto
22591 ,Mir              ,Sevilla        ,Delantero   ,  26 ,1,89m ,87kg        ,176.000    ,31     ,2,1  ,      15 ,    2 ,       1 ,Apto
29111 ,Torrente         ,Granada        ,Defensa     ,  22 ,1,93m ,Desconocido ,160.000    ,29     ,2,1  ,      14 ,    0 ,       3 ,Apto
  474 ,Trigueros        ,Villarreal     ,Mediocentro ,  32 ,1,78m ,71kg        ,160.000    ,21     ,2,1  ,      10 ,    0 ,       0 ,Apto
53145 ,Alkain           ,Alavés         ,Mediocentro ,  26 ,1,74m ,Desconocido ,160.000    ,17     ,2,1  ,       9 ,    0 ,       1 ,Apto
40099 ,Chumi            ,Almería        ,Defensa     ,  24 ,1,86m ,Desconocido ,160.000    ,45     ,2,0  ,      22 ,    0 ,       3 ,Apto
13004 ,Guardiola        ,Cádiz          ,Delantero   ,  32 ,1,85m ,77kg        ,170.000    ,30     ,2,0  ,      15 ,    0 ,       1 ,Apto
51903 ,Montes           ,Almería        ,Defensa     ,  27 ,1,95m ,70kg        ,160.000    ,26     ,2,0  ,      13 ,    0 ,       3 ,Apto
14762 ,Silva            ,Real Sociedad  ,Delantero   ,  28 ,1,85m ,79kg        ,1.065.000  ,20     ,2,0  ,      10 ,    0 ,       1 ,Apto
22672 ,Centelles        ,Almería        ,Defensa     ,  24 ,1,85m ,Desconocido ,208.000    ,12     ,2,0  ,       6 ,    0 ,       1 ,Apto
54897 ,Heyden           ,Mallorca       ,Defensa     ,  25 ,1,85m ,Desconocido ,180.000    ,12     ,2,0  ,       6 ,    0 ,       2 ,Roja directa, Baja esta jornada 2/2.
  185 ,Jordan           ,Sevilla        ,Mediocentro ,  29 ,1,84m ,74kg        ,167.000    ,10     ,2,0  ,       5 ,    0 ,       0 ,Apto
17461 ,Emeterio         ,Cádiz          ,Mediocentro ,  26 ,1,74m ,68kg        ,160.000    ,8      ,2,0  ,       4 ,    1 ,       2 ,Rotura de ligamento cruzado, Baja hasta Julio.
54817 ,Güler            ,Real Madrid    ,Mediocentro ,  19 ,1,76m ,Desconocido ,4.597.000  ,6      ,2,0  ,       3 ,    0 ,       0 ,Apto
 6041 ,Vallejo          ,Granada        ,Defensa     ,  27 ,1,84m ,74kg        ,160.000    ,6      ,2,0  ,       3 ,    0 ,       1 ,Lesión indeterminada, Baja indefinida.
56968 ,Vermeeren        ,Atlético       ,Mediocentro ,  19 ,1,80m ,Desconocido ,4.160.000  ,4      ,2,0  ,       2 ,    0 ,       0 ,Apto
35805 ,Federico         ,Valencia       ,Delantero   ,  21 ,1,78m ,Desconocido ,499.000    ,4      ,2,0  ,       2 ,    0 ,       0 ,Apto
55664 ,Marrero          ,Real Sociedad  ,Portero     ,  22 ,1,87m ,Desconocido ,208.000    ,4      ,2,0  ,       2 ,    0 ,       0 ,Apto
  519 ,Bakambu          ,Betis          ,Delantero   ,  32 ,1,82m ,73kg        ,1.996.000  ,2      ,2,0  ,       1 ,    0 ,       0 ,Molestias, Duda esta jornada.
 6027 ,Campaña          ,Las Palmas     ,Mediocentro ,  30 ,1,79m ,72kg        ,1.211.000  ,2      ,2,0  ,       1 ,    0 ,       0 ,Apto
56924 ,Eyong            ,Cádiz          ,Mediocentro ,  20 ,0,00m ,Desconocido ,193.000    ,2      ,2,0  ,       1 ,    0 ,       0 ,Apto
53106 ,Curbelo          ,Las Palmas     ,Defensa     ,  30 ,1,81m ,Desconocido ,188.000    ,2      ,2,0  ,       1 ,    0 ,       0 ,Molestias, Duda esta jornada.
51915 ,Mendez           ,Rayo Vallecano ,Mediocentro ,  20 ,1,82m ,Desconocido ,161.000    ,2      ,2,0  ,       1 ,    0 ,       0 ,Molestias, Duda esta jornada.
56648 ,Busto            ,Betis          ,Defensa     ,  18 ,1,80m ,Desconocido ,160.000    ,2      ,2,0  ,       1 ,    0 ,       0 ,Apto
 6064 ,Pozo             ,Almería        ,Defensa     ,  25 ,1,74m ,Desconocido ,171.000    ,33     ,1,9  ,      17 ,    0 ,       3 ,Apto
   44 ,García           ,Athletic Club  ,Delantero   ,  37 ,1,84m ,84kg        ,160.000    ,21     ,1,9  ,      11 ,    0 ,       3 ,Apto
11680 ,Lozano           ,Almería        ,Delantero   ,  30 ,1,83m ,79kg        ,403.000    ,19     ,1,9  ,      10 ,    0 ,       2 ,Apto
55966 ,Altimira         ,Villarreal     ,Defensa     ,  22 ,1,70m ,Desconocido ,165.000    ,19     ,1,9  ,      10 ,    0 ,       3 ,Apto
49292 ,Ocampo           ,Cádiz          ,Mediocentro ,  24 ,1,73m ,70kg        ,182.000    ,17     ,1,9  ,       9 ,    0 ,       1 ,Apto
28790 ,Marí             ,Valencia       ,Delantero   ,  22 ,1,83m ,Desconocido ,160.000    ,13     ,1,9  ,       7 ,    0 ,       0 ,Apto
17620 ,Puertas          ,Granada        ,Mediocentro ,  32 ,1,83m ,72kg        ,160.000    ,38     ,1,8  ,      22 ,    0 ,       2 ,Molestias, Duda esta jornada.
  332 ,Fernández        ,Real Madrid    ,Defensa     ,  34 ,1,80m ,75kg        ,5.003.000  ,33     ,1,8  ,      18 ,    0 ,       3 ,Apto
  362 ,Zaldua           ,Cádiz          ,Defensa     ,  31 ,1,76m ,70kg        ,160.000    ,14     ,1,8  ,       8 ,    0 ,       1 ,Apto
55115 ,Gozálbez         ,Valencia       ,Mediocentro ,  22 ,0,00m ,Desconocido ,162.000    ,9      ,1,8  ,       5 ,    0 ,       0 ,Apto
 5691 ,Odriozola        ,Real Sociedad  ,Defensa     ,  28 ,1,75m ,74kg        ,194.000    ,7      ,1,8  ,       4 ,    0 ,       0 ,Rotura de ligamento, Baja indefinida.
39847 ,Santiago         ,Getafe         ,Mediocentro ,  19 ,1,92m ,Desconocido ,161.000    ,7      ,1,8  ,       4 ,    0 ,       2 ,Apto
48620 ,Marcão           ,Sevilla        ,Defensa     ,  27 ,1,85m ,75kg        ,160.000    ,10     ,1,7  ,       6 ,    0 ,       2 ,Lesión en el recto anterior, Baja hasta Marzo.
 3060 ,Díaz             ,Sevilla        ,Delantero   ,  30 ,1,80m ,79kg        ,160.000    ,10     ,1,7  ,       6 ,    0 ,       1 ,Molestias, Duda esta jornada.
23172 ,González         ,Real Sociedad  ,Mediocentro ,  22 ,1,89m ,Desconocido ,195.000    ,5      ,1,7  ,       3 ,    0 ,       1 ,Apto
   63 ,Bartra           ,Betis          ,Defensa     ,  33 ,1,83m ,73kg        ,160.000    ,5      ,1,7  ,       3 ,    0 ,       1 ,Operado del tendón de Aquiles, Baja hasta Diciembre.
55159 ,Koné             ,Almería        ,Delantero   ,  24 ,1,90m ,Desconocido ,201.000    ,13     ,1,6  ,       8 ,    0 ,       0 ,Fractura de tobillo, Baja hasta Marzo.
55439 ,González         ,Valencia       ,Mediocentro ,  21 ,1,81m ,Desconocido ,176.000    ,11     ,1,6  ,       7 ,    0 ,       0 ,Apto
   96 ,Ceballos         ,Real Madrid    ,Mediocentro ,  27 ,1,79m ,65kg        ,202.000    ,20     ,1,5  ,      13 ,    0 ,       1 ,Apto
 7845 ,Januzaj          ,Sevilla        ,Mediocentro ,  29 ,1,86m ,75kg        ,183.000    ,12     ,1,5  ,       8 ,    0 ,       0 ,Apto
 1743 ,Díaz             ,Granada        ,Defensa     ,  35 ,1,83m ,72kg        ,167.000    ,6      ,1,5  ,       4 ,    0 ,       1 ,Fin ficha, Baja indefinida.
29222 ,Simeone          ,Alavés         ,Delantero   ,  21 ,1,78m ,Desconocido ,160.000    ,6      ,1,5  ,       4 ,    0 ,       0 ,Apto
57117 ,Véliz            ,Sevilla        ,Delantero   ,  20 ,1,87m ,77kg        ,1.593.000  ,3      ,1,5  ,       2 ,    0 ,       0 ,Apto
40105 ,Martínez         ,Almería        ,Portero     ,  33 ,1,85m ,79kg        ,160.000    ,3      ,1,5  ,       2 ,    0 ,       0 ,Apto
  268 ,Mari             ,Cádiz          ,Mediocentro ,  36 ,1,81m ,75kg        ,160.000    ,3      ,1,5  ,       3 ,    0 ,       0 ,Apto
24691 ,Rodríguez        ,Celta          ,Delantero   ,  20 ,1,79m ,Desconocido ,176.000    ,14     ,1,4  ,      11 ,    0 ,       2 ,Apto
22880 ,Mfulu            ,Las Palmas     ,Mediocentro ,  29 ,1,82m ,70kg        ,160.000    ,7      ,1,4  ,       5 ,    0 ,       0 ,Apto
18555 ,Duarte           ,Getafe         ,Defensa     ,  28 ,1,91m ,83kg        ,160.000    ,17     ,1,3  ,      13 ,    0 ,       6 ,Apto
48672 ,Angileri         ,Getafe         ,Defensa     ,  29 ,1,85m ,84kg        ,190.000    ,8      ,1,3  ,       7 ,    0 ,       2 ,Apto
25631 ,Moriba           ,Getafe         ,Mediocentro ,  21 ,1,83m ,Desconocido ,1.033.000  ,4      ,1,3  ,       3 ,    0 ,       0 ,Apto
40031 ,Dominguez        ,Valencia       ,Mediocentro ,  20 ,1,75m ,Desconocido ,185.000    ,4      ,1,3  ,       3 ,    0 ,       0 ,Apto
55656 ,Solís            ,Girona         ,Mediocentro ,  19 ,1,86m ,Desconocido ,179.000    ,13     ,1,1  ,      12 ,    0 ,       0 ,Apto
48626 ,Milovanovic      ,Almería        ,Delantero   ,  20 ,1,96m ,Desconocido ,160.000    ,9      ,1,1  ,       8 ,    0 ,       0 ,Apto
56656 ,Mejbri           ,Sevilla        ,Mediocentro ,  21 ,1,82m ,Desconocido ,1.221.000  ,3      ,1,0  ,       3 ,    0 ,       2 ,Apto
33726 ,Álvarez          ,Celta          ,Mediocentro ,  20 ,1,76m ,Desconocido ,189.000    ,2      ,1,0  ,       2 ,    0 ,       0 ,Apto
57119 ,Jóźwiak          ,Granada        ,Mediocentro ,  25 ,1,76m ,70kg        ,188.000    ,2      ,1,0  ,       2 ,    0 ,       0 ,Apto
55993 ,García           ,Real Madrid    ,Delantero   ,  19 ,1,82m ,Desconocido ,175.000    ,2      ,1,0  ,       2 ,    0 ,       0 ,Apto
55654 ,Paz              ,Real Madrid    ,Mediocentro ,  19 ,1,85m ,Desconocido ,160.000    ,2      ,1,0  ,       4 ,    0 ,       0 ,Apto
57120 ,Traoré           ,Villarreal     ,Delantero   ,  28 ,1,80m ,72kg        ,3.681.000  ,1      ,1,0  ,       1 ,    0 ,       0 ,Apto
55462 ,Clúa             ,Girona         ,Mediocentro ,  19 ,0,00m ,Desconocido ,191.000    ,1      ,1,0  ,       1 ,    0 ,       0 ,Apto
57118 ,Corbeanu         ,Granada        ,Delantero   ,  21 ,1,90m ,Desconocido ,181.000    ,1      ,1,0  ,       1 ,    0 ,       0 ,Apto
53148 ,Panichelli       ,Alavés         ,Delantero   ,  21 ,1,86m ,82kg        ,174.000    ,1      ,1,0  ,       1 ,    0 ,       0 ,Apto
56642 ,Dadie            ,Real Sociedad  ,Delantero   ,  21 ,1,70m ,Desconocido ,160.000    ,1      ,1,0  ,       1 ,    0 ,       0 ,Apto
14500 ,Pozo             ,Rayo Vallecano ,Mediocentro ,  27 ,1,70m ,60kg        ,160.000    ,1      ,1,0  ,       1 ,    0 ,       0 ,Apto
56970 ,Parada           ,Alavés         ,Defensa     ,     ,        ,            ,           ,       ,       ,         ,      ,         ,Apto
12949 ,Lemar            ,Atlético       ,Mediocentro ,  28 ,1,70m ,58kg        ,160.000    ,2      ,0,7  ,       3 ,    0 ,       0 ,Rotura del tendón de Aquiles, Baja hasta Marzo.
53103 ,González         ,Las Palmas     ,Mediocentro ,  27 ,1,76m ,Desconocido ,182.000    ,1      ,0,5  ,       2 ,    0 ,       0 ,Apto
56594 ,Piatkowski       ,Granada        ,Defensa     ,  23 ,1,91m ,Desconocido ,603.000    ,1      ,0,3  ,       3 ,    0 ,       1 ,Apto
14670 ,Courtois         ,Real Madrid    ,Portero     ,  31 ,2,00m ,94kg        ,1.714.000  ,0      ,0,0  ,       0 ,    0 ,       0 ,Rotura de ligamento cruzado, Baja hasta Marzo.
52309 ,Rodríguez        ,Real Madrid    ,Delantero   ,  19 ,1,93m ,Desconocido ,427.000    ,0      ,0,0  ,       1 ,    0 ,       0 ,Apto
55043 ,Tejón            ,Valencia       ,Mediocentro ,  19 ,1,65m ,Desconocido ,208.000    ,0      ,0,0  ,       0 ,    0 ,       0 ,Apto
28280 ,Greif            ,Mallorca       ,Portero     ,  26 ,1,97m ,82kg        ,203.000    ,0      ,0,0  ,       0 ,    0 ,       0 ,Apto
  551 ,Doménech         ,Valencia       ,Portero     ,  33 ,1,86m ,73kg        ,200.000    ,0      ,0,0  ,       0 ,    0 ,       0 ,Apto
  408 ,Cuéllar          ,Mallorca       ,Portero     ,  39 ,1,87m ,76kg        ,196.000    ,0      ,0,0  ,       0 ,    0 ,       0 ,Apto
 6046 ,García           ,Girona         ,Mediocentro ,  33 ,1,75m ,65kg        ,191.000    ,0      ,0,0  ,       0 ,    0 ,       0 ,Apto
35924 ,Owono            ,Alavés         ,Portero     ,  22 ,1,81m ,67kg        ,186.000    ,0      ,0,0  ,       0 ,    0 ,       0 ,Apto
57111 ,Ousou            ,Cádiz          ,Defensa     ,  24 ,1,86m ,Desconocido ,183.000    ,0      ,0,0  ,       0 ,    0 ,       0 ,Apto
14803 ,Merquelanz       ,Real Sociedad  ,Mediocentro ,  28 ,1,76m ,Desconocido ,182.000    ,0      ,0,0  ,       0 ,    0 ,       0 ,Lesión de rodilla, Baja indefinida.
49343 ,Fuidias          ,Girona         ,Portero     ,  22 ,1,95m ,Desconocido ,179.000    ,0      ,0,0  ,       0 ,    0 ,       0 ,Apto
28620 ,Ropero           ,Alavés         ,Mediocentro ,  22 ,1,88m ,Desconocido ,175.000    ,0      ,0,0  ,       1 ,    0 ,       0 ,Apto
53433 ,Fuzato           ,Getafe         ,Portero     ,  26 ,1,90m ,Desconocido ,174.000    ,0      ,0,0  ,       0 ,    0 ,       0 ,Apto
55011 ,García           ,Girona         ,Delantero   ,  20 ,1,80m ,Desconocido ,174.000    ,0      ,0,0  ,       0 ,    0 ,       0 ,Esguince de tobillo, Duda esta jornada.
28774 ,Agirrezabala     ,Athletic Club  ,Portero     ,  23 ,1,87m ,Desconocido ,169.000    ,0      ,0,0  ,       0 ,    0 ,       0 ,Apto
53097 ,López            ,Granada        ,Portero     ,  25 ,1,85m ,Desconocido ,166.000    ,0      ,0,0  ,       0 ,    0 ,       0 ,Apto
56948 ,Moldovan         ,Atlético       ,Portero     ,  26 ,1,82m ,Desconocido ,165.000    ,0      ,0,0  ,       0 ,    0 ,       0 ,Apto
48612 ,Reina            ,Villarreal     ,Portero     ,  41 ,1,88m ,92kg        ,165.000    ,0      ,0,0  ,       0 ,    0 ,       0 ,Apto
  611 ,Escandell        ,Las Palmas     ,Portero     ,  28 ,1,88m ,73kg        ,160.000    ,0      ,0,0  ,       0 ,    0 ,       0 ,Apto
56952 ,Boiro            ,Athletic Club  ,Defensa     ,  21 ,1,82m ,Desconocido ,160.000    ,0      ,0,0  ,       0 ,    0 ,       0 ,Apto
56667 ,Flores           ,Sevilla        ,Portero     ,     ,        ,            ,           ,       ,       ,         ,      ,         ,Apto
27422 ,Rivero           ,Valencia       ,Portero     ,  25 ,1,88m ,Desconocido ,160.000    ,0      ,0,0  ,       0 ,    0 ,       0 ,Apto
24742 ,Cárdenas         ,Rayo Vallecano ,Portero     ,  26 ,1,85m ,Desconocido ,160.000    ,0      ,0,0  ,       0 ,    0 ,       0 ,Apto
48208 ,Martín           ,Girona         ,Portero     ,  36 ,1,87m ,81kg        ,160.000    ,0      ,0,0  ,       0 ,    0 ,       0 ,Apto
56634 ,Guerrero         ,Alavés         ,Mediocentro ,     ,        ,            ,           ,       ,       ,         ,      ,         ,Apto
56983 ,Martínez         ,Granada        ,Portero     ,  33 ,1,85m ,74kg        ,160.000    ,0      ,0,0  ,       0 ,    0 ,       0 ,Apto
27523 ,Pascual          ,Rayo Vallecano ,Defensa     ,  24 ,1,90m ,Desconocido ,160.000    ,0      ,0,0  ,       0 ,    0 ,       0 ,Apto
51137 ,Marín            ,Real Sociedad  ,Mediocentro ,  20 ,1,78m ,Desconocido ,160.000    ,0      ,0,0  ,       0 ,    0 ,       0 ,Apto
13014 ,Villa            ,Girona         ,Mediocentro ,  29 ,1,71m ,63kg        ,160.000    ,0      ,0,0  ,       0 ,    0 ,       0 ,Rotura de ligamento cruzado, Baja hasta Marzo.
402 ,Vitolo           ,Atlético       ,Mediocentro ,  34 ,1,85m ,80kg        ,160.000    ,0      ,0,0  ,       0 ,    0 ,       0 ,Sin ficha, Baja indefinida.
54853 ,Sinkgraven       ,Las Palmas     ,Defensa     ,  28 ,1,79m ,65kg        ,160.000    ,-2     ,-0,3 ,       7 ,    0 ,       1 ,Apto
